"133","128","557","1","488.37"
"39","148","280","5","286.13"
"106","152","536","5","459.65"
"152","65","764","5","11.96"
"113","123","852","10","218.27"
"179","26","51","1","361.74"
"3","147","930","5","80.41"
"191","139","921","1","162.45"
"112","91","139","6","54.25"
"145","17","595","7","386.72"
"158","87","396","2","216.48"
"72","132","269","9","161.05"
"47","35","51","9","361.74"
"74","149","140","2","249.70"
"191","174","295","10","42.67"
"153","90","970","5","179.66"
"122","171","30","2","51.01"
"111","191","113","3","360.35"
"67","119","8","9","46.25"
"43","14","542","4","449.64"
"175","91","809","1","278.81"
"137","57","872","4","119.29"
"197","41","414","8","50.97"
"185","138","657","7","412.55"
"117","21","898","3","483.85"
"90","158","270","9","382.04"
"189","186","472","2","416.27"
"181","100","972","4","148.31"
"152","184","614","1","287.57"
"89","175","29","3","350.21"
"166","2","891","2","178.71"
"12","89","301","5","343.43"
"22","15","46","2","66.03"
"112","129","352","9","160.92"
"98","35","310","9","416.15"
"177","21","934","6","151.33"
"197","151","105","10","198.51"
"81","99","768","10","244.71"
"159","67","808","1","28.39"
"195","89","1","9","69.47"
"119","126","476","3","288.00"
"46","17","368","10","497.59"
"20","73","213","6","487.31"
"168","126","925","5","413.15"
"14","64","418","8","372.81"
"110","26","326","1","243.69"
"184","157","149","6","189.43"
"182","181","234","6","388.28"
"181","191","133","8","228.11"
"65","133","72","8","409.73"
"14","71","957","4","300.67"
"16","194","977","1","295.79"
"149","37","201","5","295.95"
"19","54","8","10","46.25"
"47","126","275","10","117.43"
"74","139","4","1","434.64"
"43","38","962","10","128.00"
"43","143","788","4","234.75"
"158","130","192","1","154.61"
"2","175","35","6","154.63"
"159","78","544","10","302.24"
"86","134","41","8","123.61"
"184","158","293","8","74.06"
"158","188","146","9","452.86"
"115","99","947","1","58.40"
"147","169","821","1","298.31"
"40","2","390","1","311.81"
"199","151","240","8","295.04"
"85","187","58","3","468.87"
"119","58","200","1","161.01"
"69","94","723","5","452.46"
"34","84","427","5","53.46"
"39","26","320","10","422.93"
"77","68","576","5","379.34"
"126","160","834","2","24.39"
"188","107","95","1","29.88"
"42","0","282","1","110.74"
"141","31","185","9","76.48"
"190","37","824","3","344.00"
"156","22","507","10","57.55"
"117","86","856","10","459.68"
"27","25","291","1","96.27"
"41","94","415","3","68.73"
"158","84","9","2","443.77"
"159","106","8","8","46.25"
"113","186","764","5","11.96"
"109","60","166","10","464.02"
"181","92","949","10","72.17"
"168","51","966","10","307.98"
"62","0","982","3","177.89"
"11","138","379","5","206.72"
"46","83","770","8","202.10"
"98","108","350","4","321.33"
"89","101","669","2","248.27"
"20","25","940","8","294.69"
"180","59","344","8","84.71"
"131","81","202","1","90.64"
"19","17","661","4","371.00"
"116","64","464","4","301.94"
"151","110","3","10","98.89"
"166","60","667","9","68.85"
"55","185","634","4","409.18"
"132","193","596","1","8.86"
"175","156","477","5","390.65"
"95","143","226","3","279.31"
"8","184","666","5","306.10"
"152","181","590","3","111.81"
"118","148","361","7","389.51"
"190","22","60","4","14.98"
"167","191","774","4","180.76"
"176","128","775","2","337.00"
"90","53","294","4","206.22"
"58","59","246","1","244.86"
"31","95","57","6","292.05"
"163","129","125","6","486.36"
"169","67","565","2","196.28"
"139","143","726","6","184.62"
"15","14","314","5","147.02"
"72","65","66","7","419.61"
"72","49","375","7","464.86"
"189","118","398","5","463.27"
"134","28","787","10","355.43"
"144","64","953","9","393.40"
"66","170","190","2","411.64"
"172","50","462","3","182.29"
"194","183","536","3","459.65"
"79","30","82","4","191.98"
"169","91","268","5","136.70"
"147","141","429","1","275.27"
"86","34","721","6","399.16"
"72","179","364","10","73.67"
"113","116","217","10","452.89"
"113","111","866","3","498.83"
"182","185","397","3","373.73"
"28","123","746","8","322.34"
"136","83","429","4","275.27"
"165","60","15","10","367.91"
"105","136","603","9","242.16"
"173","112","891","9","178.71"
"166","22","259","7","400.87"
"63","126","162","3","416.96"
"148","58","124","2","473.87"
"54","78","600","9","211.73"
"195","7","326","8","243.69"
"187","29","30","9","51.01"
"103","64","403","7","14.87"
"136","120","274","8","497.78"
"167","192","818","6","162.61"
"36","84","772","5","69.67"
"11","166","372","2","283.70"
"113","198","784","10","230.62"
"13","108","225","1","174.60"
"61","60","484","1","270.43"
"88","167","437","9","389.44"
"76","172","319","9","440.22"
"159","27","948","3","7.17"
"182","88","921","4","162.45"
"0","23","844","7","355.15"
"184","50","235","1","350.66"
"98","91","891","3","178.71"
"48","188","914","2","17.12"
"44","49","22","10","329.08"
"91","95","718","7","277.29"
"146","58","801","1","66.56"
"7","27","195","1","184.42"
"84","143","476","2","288.00"
"186","57","311","7","0.42"
"199","106","660","9","33.70"
"173","15","282","8","110.74"
"184","100","985","2","492.13"
"179","192","954","8","366.17"
"178","102","172","7","376.42"
"195","138","751","9","139.47"
"31","85","808","10","28.39"
"56","186","426","2","259.19"
"67","45","386","7","308.39"
"111","5","455","2","430.72"
"140","98","401","6","393.39"
"13","136","29","3","350.21"
"184","172","53","9","433.93"
"16","22","144","8","475.06"
"138","134","170","1","351.99"
"192","106","928","3","196.79"
"92","3","73","3","107.46"
"14","66","829","9","72.94"
"198","81","407","8","226.35"
"107","141","840","5","447.22"
"166","153","781","5","491.64"
"42","189","285","8","465.11"
"86","50","701","9","383.40"
"98","17","462","1","182.29"
"13","0","806","2","493.96"
"139","34","250","1","264.18"
"24","189","110","6","27.50"
"1","105","93","2","50.71"
"46","163","81","7","438.08"
"50","86","188","2","357.69"
"15","158","235","3","350.66"
"166","122","328","2","473.58"
"102","100","562","8","86.16"
"49","171","989","5","256.82"
"184","149","194","8","292.95"
"10","55","335","10","53.90"
"166","174","718","4","277.29"
"190","168","626","3","292.33"
"99","176","640","4","120.09"
"48","87","228","6","75.85"
"111","78","376","4","150.99"
"155","101","549","5","416.04"
"156","76","812","2","16.64"
"108","143","142","2","33.23"
"86","177","472","10","416.27"
"116","32","221","4","328.25"
"98","10","643","3","203.67"
"147","31","796","8","111.04"
"163","140","324","3","143.97"
"11","60","763","9","357.54"
"17","3","451","3","361.95"
"59","77","693","1","451.19"
"193","83","571","6","109.57"
"109","154","927","3","500.60"
"92","19","32","2","491.03"
"9","18","919","3","422.93"
"104","23","812","7","16.64"
"140","77","82","7","191.98"
"196","17","407","8","226.35"
"13","68","347","4","491.80"
"185","133","512","1","394.39"
"17","6","53","2","433.93"
"160","187","794","5","417.42"
"56","104","900","3","153.12"
"160","98","5","7","316.36"
"174","195","252","4","234.29"
"180","97","531","2","411.42"
"106","119","19","4","162.07"
"68","81","715","9","378.49"
"9","24","955","9","363.37"
"8","182","911","7","185.39"
"181","127","567","8","327.90"
"36","105","684","5","326.75"
"44","39","741","2","358.31"
"66","8","140","2","249.70"
"102","164","841","2","217.59"
"145","107","576","9","379.34"
"135","61","105","4","198.51"
"85","54","456","7","217.65"
"99","54","772","8","69.67"
"3","112","557","10","488.37"
"77","174","679","4","400.06"
"187","5","853","9","258.88"
"198","127","62","3","479.27"
"103","179","323","1","446.96"
"35","21","33","10","150.69"
"5","18","955","10","363.37"
"152","116","228","3","75.85"
"9","14","718","8","277.29"
"155","33","476","10","288.00"
"4","0","962","4","128.00"
"114","78","8","4","46.25"
"137","35","472","7","416.27"
"90","166","107","10","87.65"
"20","66","679","4","400.06"
"186","156","162","3","416.96"
"37","90","763","8","357.54"
"49","85","375","9","464.86"
"31","131","102","1","295.26"
"154","120","149","10","189.43"
"26","51","641","4","79.71"
"47","142","905","5","48.35"
"79","92","651","7","18.86"
"188","105","698","2","33.51"
"61","32","325","5","292.39"
"53","147","808","10","28.39"
"197","58","425","7","318.97"
"80","190","152","1","282.33"
"148","132","42","5","244.06"
"154","57","291","8","96.27"
"8","70","569","5","399.79"
"176","100","24","10","42.36"
"107","165","336","10","243.01"
"133","185","399","4","432.15"
"115","132","18","10","216.71"
"30","113","542","9","449.64"
"150","133","46","6","66.03"
"77","9","387","9","459.04"
"112","48","467","3","177.92"
"24","26","43","1","12.16"
"86","153","383","2","482.66"
"28","11","981","9","477.00"
"85","143","244","10","494.75"
"103","129","440","3","333.62"
"152","156","960","3","23.11"
"176","173","785","1","23.08"
"84","147","530","1","374.01"
"57","103","614","5","287.57"
"49","29","589","7","355.90"
"170","28","957","2","300.67"
"168","16","54","9","35.44"
"11","15","552","10","462.24"
"6","120","571","3","109.57"
"133","92","8","8","46.25"
"52","109","278","7","323.62"
"92","62","398","3","463.27"
"99","198","193","8","74.65"
"37","126","552","3","462.24"
"122","115","746","10","322.34"
"181","156","462","1","182.29"
"153","197","314","7","147.02"
"159","54","793","2","59.82"
"143","13","218","3","468.37"
"166","163","957","3","300.67"
"3","54","866","3","498.83"
"57","181","71","6","294.14"
"9","13","116","7","179.97"
"164","54","809","4","278.81"
"140","77","775","3","337.00"
"109","45","261","1","484.65"
"106","102","507","4","57.55"
"173","124","979","8","154.11"
"139","42","686","2","94.94"
"156","128","895","4","118.07"
"19","198","339","10","269.92"
"188","165","802","8","58.74"
"110","29","139","9","54.25"
"195","30","332","5","294.80"
"188","3","891","1","178.71"
"176","60","833","10","19.49"
"1","193","424","7","113.35"
"180","49","402","6","6.80"
"44","56","434","2","330.16"
"160","52","847","9","455.23"
"190","194","917","9","59.45"
"138","133","123","4","54.87"
"147","70","320","3","422.93"
"113","98","408","4","442.41"
"85","161","206","6","34.37"
"145","68","726","2","184.62"
"146","10","237","1","122.41"
"72","55","926","5","345.62"
"130","94","955","4","363.37"
"101","39","406","10","150.66"
"37","155","790","4","77.13"
"132","30","867","4","72.26"
"35","187","13","6","20.05"
"103","134","574","7","183.74"
"128","99","864","4","199.75"
"23","155","747","8","52.98"
"169","180","940","8","294.69"
"176","177","803","2","497.45"
"44","58","534","7","26.52"
"114","147","323","6","446.96"
"107","185","26","2","376.78"
"53","124","312","3","432.63"
"82","122","515","10","377.62"
"189","198","311","3","0.42"
"85","146","536","8","459.65"
"42","22","414","3","50.97"
"98","64","512","7","394.39"
"175","82","523","9","120.01"
"44","191","500","4","142.02"
"10","177","399","7","432.15"
"171","134","84","2","297.16"
"81","61","764","2","11.96"
"117","44","554","2","56.74"
"153","111","159","8","40.61"
"37","194","25","8","179.30"
"50","33","498","5","446.70"
"156","83","10","5","327.20"
"146","114","269","5","161.05"
"140","168","358","6","107.06"
"16","100","478","2","431.14"
"29","6","782","3","428.85"
"126","81","405","7","479.72"
"147","2","690","6","313.96"
"47","9","601","7","474.06"
"35","77","71","7","294.14"
"196","115","596","1","8.86"
"122","5","683","6","145.14"
"36","187","651","1","18.86"
"15","191","619","6","487.66"
"91","81","707","7","493.50"
"105","14","776","10","430.49"
"95","23","883","9","380.65"
"46","66","261","7","484.65"
"31","136","587","8","447.24"
"102","93","480","6","470.03"
"184","36","2","8","153.66"
"18","154","169","9","246.56"
"157","122","55","7","90.53"
"155","136","703","1","34.68"
"65","81","955","3","363.37"
"105","183","253","9","401.21"
"24","148","32","3","491.03"
"63","31","475","10","309.18"
"73","22","240","8","295.04"
"146","57","529","4","308.75"
"27","91","259","9","400.87"
"171","100","727","10","31.33"
"62","141","88","3","129.12"
"51","124","518","10","226.79"
"55","166","256","9","470.42"
"190","187","52","9","152.69"
"37","171","407","6","226.35"
"127","160","517","5","89.50"
"111","69","81","10","438.08"
"6","173","103","10","228.03"
"126","171","51","6","361.74"
"152","114","273","10","109.17"
"109","40","171","8","219.22"
"74","91","934","8","151.33"
"11","147","409","1","460.06"
"139","106","802","6","58.74"
"117","160","17","1","88.06"
"53","165","880","3","235.49"
"64","190","300","10","1.88"
"192","101","972","8","148.31"
"122","34","894","2","300.60"
"103","31","842","9","25.86"
"163","146","685","7","255.05"
"189","119","676","10","162.41"
"134","132","998","9","130.63"
"29","77","135","10","360.25"
"14","194","185","4","76.48"
"163","185","551","2","210.55"
"93","126","368","6","497.59"
"84","170","315","6","259.55"
"8","162","631","9","3.55"
"11","80","284","6","336.19"
"183","31","430","3","103.01"
"59","124","833","1","19.49"
"194","132","233","3","282.22"
"126","116","589","3","355.90"
"87","45","554","2","56.74"
"156","113","335","4","53.90"
"73","90","948","8","7.17"
"136","112","399","4","432.15"
"92","95","906","10","119.04"
"77","2","842","1","25.86"
"147","15","863","3","334.34"
"101","141","966","9","307.98"
"128","67","17","10","88.06"
"81","123","368","4","497.59"
"155","86","574","8","183.74"
"133","144","545","3","451.80"
"139","153","914","2","17.12"
"118","170","936","2","140.82"
"27","154","177","6","230.64"
"7","107","64","6","237.94"
"78","174","629","9","20.14"
"132","137","381","10","236.50"
"182","35","955","8","363.37"
"82","37","903","2","459.23"
"127","78","285","3","465.11"
"128","146","367","10","156.02"
"0","43","822","6","340.92"
"87","116","54","10","35.44"
"141","151","987","3","425.54"
"154","57","649","10","174.32"
"172","72","214","5","221.67"
"95","28","979","10","154.11"
"185","82","789","9","278.02"
"131","83","849","10","284.41"
"8","185","671","4","431.31"
"181","160","79","5","125.93"
"67","139","365","5","302.44"
"16","54","973","5","204.43"
"177","45","773","7","241.25"
"126","138","147","8","351.96"
"37","117","764","10","11.96"
"3","180","167","9","138.40"
"107","112","462","8","182.29"
"77","124","64","3","237.94"
"167","191","462","4","182.29"
"136","30","104","9","376.35"
"198","106","866","9","498.83"
"198","116","503","3","489.76"
"12","60","59","7","121.88"
"41","107","547","7","229.83"
"81","97","584","4","355.74"
"58","42","94","2","210.63"
"86","27","154","6","240.77"
"67","160","104","9","376.35"
"160","7","979","4","154.11"
"96","108","447","10","359.09"
"102","59","470","6","282.97"
"33","162","880","1","235.49"
"49","28","805","7","72.44"
"136","195","102","4","295.26"
"79","41","624","1","127.50"
"123","72","855","10","494.19"
"185","97","320","10","422.93"
"112","85","914","9","17.12"
"21","21","338","3","137.05"
"166","163","198","10","13.61"
"53","89","355","6","260.48"
"50","177","298","1","313.29"
"92","29","390","5","311.81"
"53","39","785","9","23.08"
"163","81","422","8","27.37"
"76","151","756","1","47.82"
"85","164","591","1","17.24"
"107","92","150","7","296.24"
"156","118","507","7","57.55"
"165","76","874","3","374.62"
"174","37","355","1","260.48"
"90","155","859","6","254.85"
"148","50","617","5","32.94"
"118","122","813","10","106.52"
"112","119","683","3","145.14"
"109","199","60","2","14.98"
"195","5","605","2","311.16"
"125","73","919","6","304.10"
"156","73","782","4","428.85"
"57","166","384","9","386.81"
"82","13","455","2","430.72"
"96","135","807","1","268.91"
"109","161","308","4","418.60"
"56","47","227","8","84.22"
"175","164","152","3","282.33"
"117","27","427","8","53.46"
"65","75","394","2","371.98"
"155","198","973","3","204.43"
"10","41","733","10","302.91"
"76","190","451","4","361.95"
"43","26","249","9","143.92"
"39","3","863","10","334.34"
"21","64","287","7","29.08"
"43","110","587","1","447.24"
"104","92","346","1","474.26"
"26","14","358","6","107.06"
"80","188","774","5","180.76"
"146","116","69","10","392.44"
"174","122","435","9","160.13"
"192","0","654","8","422.51"
"133","158","759","1","162.71"
"126","132","759","1","162.71"
"62","9","161","8","136.20"
"153","7","744","9","352.02"
"122","101","547","7","229.83"
"60","176","647","4","229.82"
"112","185","213","8","487.31"
"35","2","251","1","158.14"
"106","157","58","10","468.87"
"13","49","28","6","486.16"
"41","55","245","3","204.38"
"174","194","617","5","32.94"
"154","91","617","4","32.94"
"186","176","279","9","454.03"
"78","38","775","9","337.00"
"62","185","827","6","407.15"
"91","114","367","10","156.02"
"155","66","651","3","18.86"
"151","157","190","2","411.64"
"65","107","428","10","6.97"
"129","91","993","5","284.40"
"42","153","906","6","119.04"
"106","57","935","7","455.62"
"165","174","420","9","398.05"
"18","160","368","6","497.59"
"160","105","385","4","150.65"
"140","141","948","2","7.17"
"156","56","624","10","127.50"
"37","124","99","8","445.25"
"147","111","967","5","164.42"
"9","121","908","7","183.15"
"16","144","777","9","389.44"
"149","134","915","8","446.18"
"102","156","752","4","314.21"
"28","66","907","5","99.24"
"123","66","66","3","419.61"
"137","99","646","6","56.66"
"106","197","696","5","33.90"
"75","34","438","8","96.66"
"155","168","862","3","228.16"
"109","15","760","6","468.62"
"148","165","248","7","9.43"
"135","158","889","9","432.02"
"164","173","604","8","159.71"
"137","126","3","10","98.89"
"74","72","291","3","96.27"
"57","11","588","2","437.99"
"105","19","882","7","169.99"
"90","7","179","8","122.11"
"106","39","199","1","359.21"
"181","44","565","5","196.28"
"118","79","741","4","358.31"
"105","8","685","2","255.05"
"163","196","161","2","136.20"
"2","51","143","5","62.64"
"121","92","846","8","84.40"
"39","107","920","2","6.66"
"119","141","443","1","345.77"
"95","86","756","4","47.82"
"59","176","238","4","129.55"
"96","10","91","7","435.00"
"81","34","932","3","242.71"
"92","54","214","2","221.67"
"184","97","442","7","235.38"
"81","67","781","4","491.64"
"161","65","711","1","301.00"
"180","164","355","7","260.48"
"164","46","702","4","72.53"
"69","19","785","9","23.08"
"180","5","327","8","406.62"
"163","18","329","8","311.92"
"58","103","403","6","14.87"
"14","11","607","4","391.29"
"119","92","311","10","0.42"
"147","151","467","5","177.92"
"6","134","234","6","388.28"
"168","166","67","7","4.10"
"100","188","742","5","390.14"
"134","117","462","8","182.29"
"19","125","534","5","26.52"
"45","16","452","1","297.40"
"57","159","203","2","290.42"
"131","71","767","7","303.55"
"180","21","562","3","86.16"
"1","117","121","3","464.13"
"192","154","781","7","491.64"
"115","38","884","5","297.75"
"139","17","135","1","360.25"
"88","147","417","1","63.77"
"101","56","801","1","66.56"
"62","54","605","5","311.16"
"68","22","256","4","470.42"
"24","9","405","5","479.72"
"101","128","189","2","463.95"
"147","186","733","8","302.91"
"13","125","18","4","216.71"
"173","150","533","9","146.18"
"15","168","911","10","185.39"
"101","153","477","10","390.65"
"30","162","935","2","455.62"
"64","174","302","3","24.70"
"123","189","892","8","239.15"
"112","97","29","9","350.21"
"154","34","264","3","119.11"
"46","139","206","7","34.37"
"140","171","580","2","177.68"
"159","8","280","9","286.13"
"94","72","226","5","279.31"
"55","16","647","4","229.82"
"9","61","428","5","6.97"
"104","37","811","5","261.59"
"19","77","126","6","390.00"
"136","130","86","1","492.91"
"104","129","862","9","228.16"
"92","34","11","10","260.42"
"88","110","453","6","25.99"
"35","163","481","1","193.93"
"187","25","676","7","162.41"
"41","92","654","2","422.51"
"131","133","197","3","248.73"
"163","142","24","8","42.36"
"16","127","801","1","66.56"
"86","72","550","8","319.78"
"13","1","23","1","7.24"
"153","175","936","2","140.82"
"113","64","30","1","51.01"
"188","163","91","3","435.00"
"179","12","273","4","109.17"
"192","197","831","2","208.96"
"70","71","293","6","74.06"
"63","13","298","9","313.29"
"181","176","858","9","436.01"
"73","55","291","7","96.27"
"2","171","77","5","52.94"
"88","48","151","1","442.42"
"145","154","739","4","211.22"
"141","58","503","10","489.76"
"72","55","749","4","383.36"
"149","128","767","1","303.55"
"167","52","641","8","79.71"
"23","160","252","10","234.29"
"23","189","911","2","185.39"
"1","175","599","9","250.55"
"95","21","260","6","349.38"
"22","106","905","2","48.35"
"129","139","106","7","372.09"
"132","54","546","5","45.79"
"195","153","773","3","241.25"
"48","4","978","8","215.18"
"63","108","343","4","186.92"
"147","79","662","2","228.87"
"26","38","106","2","372.09"
"154","184","115","5","164.48"
"136","12","572","10","382.13"
"73","10","977","9","295.79"
"102","172","782","1","428.85"
"142","77","59","8","121.88"
"64","162","494","3","470.17"
"193","83","653","5","110.76"
"4","176","606","7","444.68"
"165","138","419","2","385.31"
"83","19","67","4","4.10"
"109","185","747","4","52.98"
"47","20","119","1","167.70"
"151","45","262","6","475.48"
"20","160","74","7","459.45"
"193","104","932","1","242.71"
"127","107","510","8","63.68"
"159","35","215","9","161.02"
"157","44","620","3","245.08"
"32","188","371","3","260.50"
"92","171","394","10","371.98"
"73","175","393","10","464.55"
"92","77","692","5","345.24"
"47","189","572","2","382.13"
"65","152","903","8","459.23"
"78","131","212","5","499.44"
"118","137","35","8","154.63"
"55","120","659","7","69.43"
"127","95","148","7","454.09"
"89","12","63","4","79.84"
"74","1","511","10","86.76"
"28","49","452","2","297.40"
"185","138","160","1","244.59"
"84","189","981","10","477.00"
"22","111","815","8","311.48"
"46","141","372","10","283.70"
"89","185","143","7","62.64"
"168","7","877","1","91.40"
"167","148","193","2","74.65"
"22","185","179","10","122.11"
"144","35","284","6","336.19"
"0","36","395","5","165.53"
"135","37","519","9","36.01"
"112","194","914","8","17.12"
"85","196","482","10","293.26"
"161","146","360","9","263.16"
"91","196","962","6","128.00"
"157","113","461","1","44.24"
"124","24","990","5","217.68"
"21","166","264","6","119.11"
"3","20","530","1","374.01"
"70","158","227","3","84.22"
"61","119","536","2","459.65"
"160","91","98","3","471.16"
"23","147","711","7","301.00"
"116","135","162","8","416.96"
"155","11","428","2","6.97"
"13","76","598","2","87.01"
"37","1","519","3","36.01"
"70","35","294","4","206.22"
"73","196","390","8","311.81"
"163","180","379","7","206.72"
"21","13","538","10","422.64"
"29","117","36","1","388.59"
"16","31","805","5","72.44"
"92","181","480","6","470.03"
"44","153","94","8","210.63"
"86","171","262","3","475.48"
"64","59","206","2","34.37"
"35","16","960","1","23.11"
"166","22","581","4","182.94"
"19","131","882","5","169.99"
"2","177","432","3","466.83"
"122","77","113","3","360.35"
"38","132","789","9","278.02"
"21","148","671","8","431.31"
"84","139","781","3","491.64"
"76","6","36","9","388.59"
"110","3","561","8","48.78"
"172","24","51","4","361.74"
"53","30","746","1","322.34"
"89","172","814","9","378.94"
"26","31","207","9","266.38"
"145","105","95","6","29.88"
"29","8","257","9","390.17"
"98","143","24","2","42.36"
"137","191","429","1","275.27"
"40","158","256","6","470.42"
"173","182","947","7","58.40"
"154","130","640","7","120.09"
"74","143","645","9","376.00"
"74","63","382","9","152.67"
"17","60","412","1","267.25"
"124","31","649","5","174.32"
"13","103","850","8","223.30"
"165","8","30","6","51.01"
"17","6","567","8","327.90"
"102","181","301","8","343.43"
"175","115","405","1","479.72"
"6","106","618","2","167.44"
"194","148","154","4","240.77"
"118","65","638","1","180.20"
"104","172","594","9","91.52"
"21","90","611","6","308.62"
"94","179","969","5","494.96"
"183","175","180","8","306.98"
"129","187","63","4","79.84"
"132","32","229","3","316.02"
"3","186","439","9","139.46"
"175","142","930","9","80.41"
"174","126","214","4","221.67"
"192","95","64","8","237.94"
"132","82","546","1","45.79"
"119","157","175","8","55.78"
"172","107","394","9","371.98"
"144","81","422","6","27.37"
"133","57","645","9","376.00"
"48","81","206","2","34.37"
"6","2","893","7","120.38"
"165","54","959","8","63.29"
"97","115","953","3","393.40"
"63","196","961","3","417.87"
"80","116","626","2","292.33"
"64","174","218","8","468.37"
"194","72","155","10","85.07"
"101","158","651","2","18.86"
"143","21","262","6","475.48"
"80","18","282","7","110.74"
"123","121","863","2","334.34"
"92","40","860","1","73.07"
"78","170","571","3","109.57"
"39","44","217","9","452.89"
"62","4","667","8","68.85"
"42","46","240","5","295.04"
"2","24","145","1","58.32"
"144","7","551","9","210.55"
"87","8","672","1","479.87"
"192","163","429","10","275.27"
"15","199","305","8","209.57"
"18","44","443","2","345.77"
"29","157","533","3","146.18"
"113","174","244","10","494.75"
"133","29","824","1","344.00"
"179","142","827","2","407.15"
"85","6","672","8","479.87"
"99","54","776","6","430.49"
"32","152","253","8","401.21"
"42","175","510","1","63.68"
"56","39","73","2","107.46"
"62","119","836","5","340.04"
"136","51","636","3","361.46"
"154","28","376","4","150.99"
"85","148","829","1","72.94"
"164","162","191","3","180.25"
"21","57","596","1","8.86"
"194","118","245","4","204.38"
"98","0","567","3","327.90"
"108","12","562","7","86.16"
"143","186","300","1","1.88"
"174","56","150","1","296.24"
"159","28","747","4","52.98"
"149","112","990","10","217.68"
"38","121","638","7","180.20"
"19","34","572","10","382.13"
"20","99","382","10","152.67"
"51","86","215","5","161.02"
"127","42","0","5","35.72"
"133","73","21","7","401.86"
"61","131","827","3","407.15"
"122","59","169","3","246.56"
"146","67","725","3","348.50"
"65","11","533","9","146.18"
"74","92","551","3","210.55"
"36","12","731","7","339.13"
"171","177","310","2","416.15"
"55","153","143","5","62.64"
"165","155","110","9","27.50"
"157","49","637","5","180.67"
"151","85","931","10","413.50"
"46","71","391","3","458.45"
"37","93","519","9","36.01"
"142","140","474","4","153.15"
"54","78","320","10","422.93"
"39","100","938","10","99.36"
"95","150","912","4","145.82"
"53","54","166","4","464.02"
"22","97","262","2","475.48"
"34","38","91","7","435.00"
"131","4","764","4","11.96"
"182","57","660","3","33.70"
"162","196","229","4","316.02"
"67","13","686","7","94.94"
"106","160","13","4","20.05"
"59","169","801","7","66.56"
"23","32","488","2","244.63"
"106","15","3","4","98.89"
"139","51","316","7","130.88"
"7","40","244","4","494.75"
"170","68","266","4","312.87"
"168","87","821","7","298.31"
"131","96","392","4","70.75"
"76","137","449","6","258.59"
"83","51","850","2","223.30"
"52","156","233","5","282.22"
"154","136","713","3","223.13"
"49","199","273","10","109.17"
"3","196","216","2","67.69"
"90","69","580","2","177.68"
"177","185","110","7","27.50"
"65","144","103","6","228.03"
"119","98","28","6","486.16"
"75","195","998","2","130.63"
"82","28","448","2","297.12"
"168","26","319","2","440.22"
"121","72","987","9","425.54"
"96","161","953","5","393.40"
"171","161","693","4","451.19"
"38","17","178","5","99.61"
"80","121","652","6","285.93"
"46","163","768","1","244.71"
"80","162","817","1","135.40"
"117","107","844","2","355.15"
"73","89","420","10","398.05"
"98","18","889","4","432.02"
"41","141","508","2","74.40"
"124","55","145","1","58.32"
"176","47","586","7","208.54"
"67","29","893","7","120.38"
"146","190","909","4","108.99"
"155","34","992","8","411.03"
"25","24","973","5","204.43"
"20","5","638","4","180.20"
"169","116","416","8","338.03"
"170","136","656","10","87.93"
"18","28","990","5","217.68"
"199","73","395","6","165.53"
"83","12","473","9","203.35"
"117","57","78","3","121.72"
"53","36","998","5","130.63"
"157","137","102","7","295.26"
"39","175","817","2","135.40"
"46","109","102","3","295.26"
"132","186","884","7","297.75"
"24","11","651","5","18.86"
"141","189","405","4","479.72"
"8","113","747","5","52.98"
"122","160","96","8","327.80"
"113","49","409","7","460.06"
"118","109","237","9","122.41"
"55","112","303","6","354.14"
"32","158","997","6","482.21"
"103","85","984","4","294.48"
"130","83","328","3","473.58"
"33","199","982","9","177.89"
"31","39","66","9","419.61"
"43","35","339","8","269.92"
"156","35","190","10","411.64"
"12","183","409","4","460.06"
"145","148","326","7","243.69"
"8","185","657","10","412.55"
"34","13","433","2","447.39"
"167","119","158","3","354.76"
"18","142","356","3","488.10"
"67","49","759","1","162.71"
"5","49","856","5","459.68"
"188","21","181","8","64.93"
"35","97","926","4","345.62"
"60","37","829","6","72.94"
"190","13","73","8","107.46"
"98","30","554","8","56.74"
"72","194","688","5","343.39"
"20","171","833","7","19.49"
"190","107","323","8","446.96"
"28","83","724","4","24.13"
"166","174","733","9","302.91"
"85","30","813","1","106.52"
"99","79","514","5","460.56"
"136","29","746","1","322.34"
"14","31","246","4","244.86"
"8","65","512","9","394.39"
"55","47","524","4","193.22"
"72","51","893","6","120.38"
"164","41","46","1","66.03"
"5","94","697","4","240.07"
"25","162","938","4","99.36"
"145","94","423","5","410.81"
"45","126","303","4","354.14"
"12","196","419","8","385.31"
"155","19","50","8","499.93"
"100","81","999","2","342.11"
"114","185","172","3","376.42"
"157","68","949","9","72.17"
"23","21","27","6","300.65"
"32","164","928","1","196.79"
"73","197","515","9","377.62"
"87","37","36","10","388.59"
"181","191","985","4","492.13"
"63","83","932","2","242.71"
"40","119","308","3","418.60"
"47","41","802","1","58.74"
"79","97","739","8","211.22"
"124","35","190","1","411.64"
"135","87","433","7","447.39"
"66","154","123","3","54.87"
"96","181","579","1","367.92"
"158","62","819","8","326.03"
"22","90","921","2","162.45"
"28","102","349","9","135.12"
"103","9","669","9","248.27"
"129","4","23","7","7.24"
"7","80","147","5","351.96"
"97","107","633","9","368.23"
"76","25","313","10","3.54"
"78","23","240","2","295.04"
"158","148","143","6","62.64"
"181","151","956","3","296.92"
"151","60","998","5","130.63"
"146","43","430","2","103.01"
"59","55","481","3","193.93"
"189","179","998","3","130.63"
"49","29","185","4","76.48"
"82","15","666","6","306.10"
"37","195","308","3","418.60"
"129","143","252","6","234.29"
"53","77","456","6","217.65"
"108","122","966","1","307.98"
"77","37","686","2","94.94"
"33","169","457","6","450.57"
"20","172","202","4","90.64"
"88","68","774","1","180.76"
"81","28","389","8","90.08"
"27","16","588","9","437.99"
"116","92","507","2","57.55"
"43","145","148","8","454.09"
"192","52","168","10","105.82"
"111","107","117","9","215.97"
"65","144","100","6","445.37"
"141","79","209","3","18.39"
"86","50","199","5","359.21"
"136","8","473","6","203.35"
"58","72","319","3","440.22"
"3","187","516","4","138.66"
"22","83","722","3","287.28"
"146","147","254","3","127.66"
"52","99","787","8","355.43"
"176","136","416","6","338.03"
"154","178","339","8","269.92"
"127","7","41","2","123.61"
"74","120","371","7","260.50"
"21","4","966","4","307.98"
"27","150","100","6","445.37"
"143","6","368","1","497.59"
"94","139","62","4","479.27"
"17","89","661","6","371.00"
"40","106","376","7","150.99"
"71","132","921","4","162.45"
"166","92","816","10","338.23"
"95","90","108","4","262.94"
"157","110","299","6","396.09"
"24","58","444","1","169.43"
"138","118","382","5","152.67"
"70","140","898","8","483.85"
"85","44","327","5","406.62"
"57","28","540","10","344.09"
"156","63","45","4","170.45"
"81","132","6","1","301.58"
"190","105","764","1","11.96"
"196","131","80","1","208.43"
"161","10","302","9","24.70"
"18","57","898","1","483.85"
"65","122","486","3","297.26"
"153","106","457","8","450.57"
"127","191","645","1","376.00"
"29","2","606","5","444.68"
"76","178","876","1","363.65"
"149","101","813","9","106.52"
"129","19","686","3","94.94"
"34","124","574","7","183.74"
"105","137","42","9","244.06"
"121","22","7","1","306.79"
"154","9","156","8","493.56"
"85","33","206","2","34.37"
"27","77","758","5","143.26"
"175","11","287","5","29.08"
"91","50","626","6","292.33"
"96","178","980","2","278.37"
"105","48","107","6","87.65"
"18","199","72","9","409.73"
"192","30","22","9","329.08"
"35","191","768","9","244.71"
"174","194","27","10","300.65"
"191","106","872","10","119.29"
"171","111","119","10","167.70"
"145","37","202","2","90.64"
"85","164","336","7","243.01"
"77","34","766","6","259.50"
"48","71","82","4","191.98"
"112","58","168","4","105.82"
"15","136","216","6","67.69"
"172","82","881","9","336.28"
"11","183","32","7","491.03"
"31","194","94","3","210.63"
"4","162","937","7","33.98"
"191","43","805","1","72.44"
"85","20","705","8","377.58"
"29","5","959","7","63.29"
"196","74","862","1","228.16"
"170","146","782","9","428.85"
"140","45","216","3","67.69"
"171","92","784","7","230.62"
"106","78","181","8","64.93"
"44","23","47","5","231.25"
"20","173","91","10","435.00"
"151","185","288","3","253.19"
"162","13","224","2","204.45"
"155","168","416","4","338.03"
"181","49","496","1","77.91"
"98","161","231","1","190.44"
"138","78","60","3","14.98"
"34","44","150","7","296.24"
"199","35","857","9","81.44"
"191","12","587","9","447.24"
"60","70","415","8","68.73"
"24","39","893","4","120.38"
"7","154","563","5","227.90"
"138","105","344","4","84.71"
"164","64","494","5","470.17"
"129","34","725","4","348.50"
"59","145","928","10","196.79"
"194","158","367","8","156.02"
"100","186","234","4","388.28"
"13","119","753","8","251.10"
"57","125","546","1","45.79"
"90","172","683","8","145.14"
"8","186","87","1","250.59"
"91","14","629","4","20.14"
"6","162","278","5","323.62"
"120","26","29","7","350.21"
"46","23","671","6","431.31"
"38","102","508","2","74.40"
"157","60","514","1","460.56"
"97","69","75","1","50.80"
"179","89","79","5","125.93"
"161","93","119","5","167.70"
"9","48","781","9","491.64"
"178","39","643","10","203.67"
"115","131","658","4","218.09"
"192","110","707","4","493.50"
"30","15","49","3","174.26"
"176","145","984","9","294.48"
"152","170","407","4","226.35"
"106","150","955","9","363.37"
"188","139","767","4","303.55"
"105","81","666","5","306.10"
"182","179","215","10","161.02"
"1","127","725","4","348.50"
"1","40","679","2","400.06"
"181","148","314","4","147.02"
"135","32","685","6","255.05"
"148","2","621","10","50.70"
"179","91","691","10","473.40"
"195","4","909","2","108.99"
"147","132","12","5","474.14"
"84","84","311","4","0.42"
"8","180","949","5","72.17"
"75","139","897","7","328.55"
"189","74","79","9","125.93"
"94","181","275","5","117.43"
"55","122","307","9","193.95"
"2","103","203","2","290.42"
"94","193","663","7","39.41"
"91","100","156","5","493.56"
"185","3","572","9","382.13"
"169","100","891","6","178.71"
"20","194","351","4","58.35"
"88","30","144","8","475.06"
"30","139","350","2","321.33"
"134","38","262","8","475.48"
"78","127","780","8","160.26"
"161","46","810","9","29.55"
"154","2","112","1","119.34"
"96","187","243","8","207.58"
"20","0","881","5","336.28"
"19","21","942","6","143.35"
"132","81","619","2","487.66"
"158","166","729","7","180.25"
"2","180","675","6","253.78"
"22","50","479","6","247.81"
"103","61","105","7","198.51"
"49","170","412","3","267.25"
"146","153","948","3","7.17"
"103","139","427","10","53.46"
"100","182","223","4","351.25"
"32","70","309","3","465.02"
"100","5","243","9","207.58"
"63","180","228","6","75.85"
"27","61","860","10","73.07"
"106","193","200","7","161.01"
"35","96","997","2","482.21"
"149","116","577","10","294.86"
"108","60","244","8","494.75"
"184","89","686","9","94.94"
"140","16","253","5","401.21"
"168","37","509","9","329.03"
"46","147","364","1","73.67"
"51","168","796","8","111.04"
"35","130","551","6","210.55"
"116","44","786","6","490.95"
"199","161","121","3","464.13"
"48","60","97","3","65.58"
"199","135","383","6","482.66"
"82","148","451","5","361.95"
"191","34","977","7","295.79"
"37","42","303","10","354.14"
"76","147","581","7","182.94"
"180","3","711","7","301.00"
"51","9","814","8","378.94"
"106","46","449","1","258.59"
"121","136","109","3","69.93"
"194","83","3","6","98.89"
"100","185","747","8","52.98"
"77","21","393","6","464.55"
"49","32","594","2","91.52"
"71","50","423","7","410.81"
"13","17","779","6","152.89"
"83","187","363","8","87.43"
"98","70","346","8","474.26"
"101","60","254","9","127.66"
"34","20","157","10","483.51"
"140","199","5","4","316.36"
"70","192","701","1","383.40"
"79","31","210","9","366.30"
"110","79","862","8","228.16"
"42","195","646","6","56.66"
"62","123","362","1","175.27"
"102","104","780","1","160.26"
"15","64","733","1","302.91"
"105","180","373","3","15.68"
"123","82","510","10","63.68"
"91","60","531","7","411.42"
"171","5","2","5","153.66"
"164","57","741","10","358.31"
"130","55","446","4","265.78"
"186","53","354","6","362.16"
"115","38","347","10","491.80"
"166","88","35","10","154.63"
"68","158","313","6","3.54"
"77","57","972","4","148.31"
"153","117","425","10","318.97"
"36","47","463","6","267.56"
"9","41","162","2","416.96"
"117","51","843","4","134.78"
"131","109","202","2","90.64"
"19","140","924","1","474.97"
"104","160","69","3","392.44"
"134","75","912","9","145.82"
"153","185","371","2","260.50"
"71","73","17","2","88.06"
"99","57","467","3","177.92"
"92","87","870","4","482.33"
"32","111","981","5","477.00"
"68","178","163","6","154.50"
"147","45","104","9","376.35"
"10","145","713","5","223.13"
"173","5","249","10","143.92"
"151","85","192","2","154.61"
"57","88","623","1","342.56"
"12","9","13","2","20.05"
"60","18","465","6","25.90"
"25","190","669","8","248.27"
"82","76","331","4","37.76"
"18","110","820","3","263.57"
"116","47","204","7","51.31"
"5","130","124","7","473.87"
"42","100","179","4","122.11"
"3","51","423","2","410.81"
"88","105","50","2","499.93"
"143","138","506","10","259.33"
"132","99","5","6","316.36"
"115","48","287","1","29.08"
"199","70","338","3","137.05"
"21","47","198","2","13.61"
"88","188","592","10","166.71"
"147","105","468","1","211.26"
"44","98","447","7","359.09"
"188","83","225","8","174.60"
"196","76","150","5","296.24"
"88","12","453","6","25.99"
"189","42","584","5","355.74"
"186","142","414","3","50.97"
"193","12","323","4","446.96"
"1","50","471","6","384.44"
"109","196","845","4","26.35"
"51","161","194","4","292.95"
"176","199","647","8","229.82"
"133","62","43","1","12.16"
"57","11","346","7","474.26"
"108","92","947","3","58.40"
"188","130","982","8","177.89"
"170","19","456","6","217.65"
"191","36","832","1","12.61"
"93","182","565","2","196.28"
"142","81","629","5","20.14"
"18","178","172","4","376.42"
"195","172","908","8","183.15"
"87","17","742","4","390.14"
"187","156","947","4","58.40"
"40","196","446","5","265.78"
"108","193","52","6","152.69"
"119","1","805","1","72.44"
"188","123","986","6","315.85"
"103","149","624","4","127.50"
"24","151","268","6","136.70"
"116","12","142","9","33.23"
"63","27","343","2","186.92"
"199","167","350","2","321.33"
"116","55","764","3","11.96"
"45","174","161","9","136.20"
"118","24","621","10","50.70"
"41","42","526","4","80.20"
"157","28","711","2","301.00"
"142","29","800","3","377.52"
"193","54","368","10","497.59"
"115","23","365","8","302.44"
"149","161","656","4","87.93"
"57","165","7","10","306.79"
"185","90","246","10","244.86"
"98","84","806","6","493.96"
"18","195","88","7","129.12"
"26","77","647","10","229.82"
"121","188","676","2","162.41"
"75","24","199","9","359.21"
"69","98","523","10","120.01"
"115","159","182","7","402.15"
"120","116","448","7","297.12"
"51","134","381","7","236.50"
"174","44","881","8","336.28"
"191","68","511","10","86.76"
"98","85","15","6","367.91"
"172","11","674","9","175.56"
"147","125","584","1","355.74"
"91","63","479","2","247.81"
"163","111","894","10","300.60"
"17","118","764","9","11.96"
"158","42","436","7","255.77"
"125","171","841","1","217.59"
"84","163","764","1","11.96"
"12","161","470","1","282.97"
"152","56","807","2","268.91"
"70","147","893","10","120.38"
"182","9","279","10","454.03"
"170","180","720","5","225.57"
"73","130","528","2","409.22"
"4","78","664","4","375.92"
"130","77","971","6","81.58"
"128","128","329","3","311.92"
"140","132","702","9","72.53"
"105","6","4","9","434.64"
"121","21","398","1","463.27"
"78","52","682","6","198.96"
"141","111","903","10","459.23"
"101","14","662","7","228.87"
"76","118","549","6","416.04"
"57","195","423","3","410.81"
"23","8","419","5","385.31"
"192","93","942","5","143.35"
"190","23","928","8","196.79"
"97","7","911","6","185.39"
"182","161","478","2","431.14"
"98","82","11","1","260.42"
"2","82","166","3","464.02"
"131","190","147","5","351.96"
"108","58","285","8","465.11"
"67","109","109","7","69.93"
"197","89","573","3","368.34"
"47","193","40","7","215.94"
"119","6","983","9","270.41"
"83","67","645","6","376.00"
"131","90","688","8","343.39"
"142","92","654","8","422.51"
"1","0","715","2","378.49"
"45","62","477","7","390.65"
"12","77","866","8","498.83"
"2","188","594","3","91.52"
"170","157","117","7","215.97"
"2","93","503","7","489.76"
"12","155","652","2","285.93"
"63","60","366","2","73.08"
"66","94","593","8","94.71"
"70","179","580","6","177.68"
"96","171","833","7","19.49"
"66","1","259","6","400.87"
"52","82","569","1","399.79"
"65","128","741","6","358.31"
"176","81","189","3","463.95"
"41","56","510","4","63.68"
"53","195","507","4","57.55"
"193","71","291","3","96.27"
"143","17","392","3","70.75"
"188","35","294","4","206.22"
"122","33","220","1","194.40"
"182","162","433","9","447.39"
"64","159","893","8","120.38"
"129","32","45","2","170.45"
"28","166","374","6","353.38"
"87","139","305","9","209.57"
"81","127","239","10","215.32"
"11","56","442","3","235.38"
"92","16","188","8","357.69"
"24","64","812","6","16.64"
"44","89","375","5","464.86"
"194","67","86","3","492.91"
"111","2","776","6","430.49"
"118","128","13","7","20.05"
"13","97","660","2","33.70"
"71","168","691","3","473.40"
"15","51","510","9","63.68"
"2","173","780","7","160.26"
"156","123","88","7","129.12"
"113","104","944","5","248.91"
"113","198","801","6","66.56"
"64","102","936","9","140.82"
"124","18","320","9","422.93"
"81","107","974","6","245.18"
"191","163","194","6","292.95"
"69","44","960","8","23.11"
"122","141","236","1","67.63"
"67","160","799","7","241.47"
"133","85","692","10","345.24"
"107","85","682","3","198.96"
"149","138","942","1","143.35"
"166","117","80","4","208.43"
"106","133","711","2","301.00"
"162","187","351","2","58.35"
"45","95","123","3","54.87"
"146","9","287","7","29.08"
"112","28","137","8","247.51"
"67","15","780","9","160.26"
"12","169","335","9","53.90"
"183","87","164","10","391.41"
"116","70","588","3","437.99"
"162","136","805","3","72.44"
"192","108","847","8","455.23"
"31","129","843","3","134.78"
"152","131","296","9","353.05"
"166","79","383","8","482.66"
"169","45","825","10","209.43"
"46","104","576","3","379.34"
"29","144","761","6","241.23"
"93","110","620","1","245.08"
"4","164","918","5","463.42"
"44","177","512","10","394.39"
"129","57","666","10","306.10"
"126","93","556","10","468.57"
"110","159","540","6","344.09"
"118","171","228","6","75.85"
"144","170","425","9","318.97"
"60","181","467","8","177.92"
"193","114","235","9","350.66"
"174","13","157","2","483.51"
"163","98","711","9","301.00"
"84","134","784","2","230.62"
"4","95","979","8","154.11"
"198","8","277","7","285.40"
"143","72","20","7","332.10"
"171","132","278","6","323.62"
"13","26","935","1","455.62"
"32","147","377","8","277.59"
"96","124","132","10","331.61"
"114","139","591","6","17.24"
"98","89","877","9","91.40"
"120","33","516","9","138.66"
"175","190","364","10","73.67"
"127","52","167","7","138.40"
"123","128","197","2","248.73"
"127","14","760","6","468.62"
"110","104","418","5","372.81"
"43","103","785","3","23.08"
"138","46","34","10","42.17"
"116","80","125","5","486.36"
"4","68","144","5","475.06"
"174","77","841","6","217.59"
"82","16","764","10","11.96"
"60","26","644","3","430.74"
"29","152","478","5","431.14"
"79","97","659","8","69.43"
"108","42","254","7","127.66"
"16","119","888","5","430.10"
"92","141","176","4","415.37"
"87","173","893","8","120.38"
"90","74","218","3","468.37"
"178","40","469","5","368.53"
"86","90","854","2","81.17"
"151","11","667","5","68.85"
"90","91","898","5","483.85"
"181","57","476","2","288.00"
"134","161","432","10","466.83"
"108","94","493","1","186.11"
"12","94","392","3","70.75"
"117","57","477","1","390.65"
"89","177","489","10","325.44"
"83","98","758","7","143.26"
"126","58","754","9","450.54"
"54","188","288","2","253.19"
"134","149","642","9","465.46"
"41","163","588","1","437.99"
"94","166","204","9","51.31"
"128","19","644","3","430.74"
"198","176","840","7","447.22"
"191","41","539","10","366.16"
"172","35","920","7","6.66"
"24","21","557","3","488.37"
"126","116","354","1","362.16"
"25","103","364","7","73.67"
"25","96","59","9","121.88"
"119","123","171","3","219.22"
"29","7","329","2","311.92"
"134","15","333","8","397.29"
"195","83","642","1","465.46"
"10","54","248","4","9.43"
"157","111","405","9","479.72"
"132","7","435","3","160.13"
"131","112","76","5","255.70"
"160","106","741","8","358.31"
"51","5","21","2","401.86"
"47","137","903","3","459.23"
"167","131","34","9","42.17"
"8","31","571","9","109.57"
"144","36","39","6","79.46"
"196","191","493","3","186.11"
"125","133","315","7","259.55"
"49","55","449","4","258.59"
"17","193","69","8","392.44"
"67","171","667","9","68.85"
"74","65","446","3","265.78"
"98","75","632","4","411.20"
"36","106","788","5","234.75"
"117","75","180","1","306.98"
"198","8","234","3","388.28"
"31","5","709","8","74.87"
"192","148","846","10","84.40"
"181","49","754","8","450.54"
"158","32","664","4","375.92"
"174","96","350","8","321.33"
"195","50","52","3","152.69"
"193","120","260","1","349.38"
"60","54","986","4","315.85"
"189","165","403","9","14.87"
"44","195","962","8","128.00"
"11","15","407","8","226.35"
"14","82","232","2","86.23"
"41","91","790","8","77.13"
"19","83","689","6","223.41"
"57","1","448","2","297.12"
"117","147","86","8","492.91"
"159","164","28","5","486.16"
"17","186","960","10","23.11"
"156","55","640","6","120.09"
"58","40","58","5","468.87"
"66","10","197","6","248.73"
"75","115","510","3","63.68"
"58","9","480","9","470.03"
"11","130","684","4","326.75"
"156","86","144","2","475.06"
"21","174","549","7","416.04"
"25","115","728","4","89.94"
"50","87","425","9","318.97"
"143","71","354","10","362.16"
"166","73","404","7","27.96"
"16","75","627","8","89.23"
"73","164","222","6","339.42"
"130","72","419","6","385.31"
"95","175","12","2","474.14"
"150","147","563","3","227.90"
"139","27","471","10","384.44"
"16","71","548","5","111.24"
"43","86","209","2","18.39"
"80","51","686","2","94.94"
"64","186","598","7","87.01"
"101","57","728","1","89.94"
"55","26","720","1","225.57"
"161","17","571","3","109.57"
"145","147","850","10","223.30"
"100","46","364","4","73.67"
"24","135","403","9","14.87"
"81","74","199","1","359.21"
"8","123","64","1","237.94"
"107","6","467","9","177.92"
"164","72","752","7","314.21"
"4","18","207","7","266.38"
"56","119","641","1","79.71"
"6","108","667","1","68.85"
"53","90","239","8","215.32"
"82","191","919","4","304.10"
"105","190","984","9","294.48"
"116","130","931","8","413.50"
"130","7","900","5","153.12"
"63","38","106","2","372.09"
"173","42","660","7","33.70"
"46","125","121","7","464.13"
"5","112","392","9","70.75"
"86","10","980","3","278.37"
"108","16","782","9","428.85"
"160","192","786","9","490.95"
"133","12","523","8","120.01"
"67","40","960","1","23.11"
"20","30","87","10","250.59"
"90","42","476","2","288.00"
"110","165","377","5","277.59"
"33","91","576","7","379.34"
"77","96","396","9","216.48"
"8","6","966","8","307.98"
"59","47","327","7","406.62"
"161","47","719","7","94.00"
"120","196","64","2","237.94"
"147","30","51","6","361.74"
"145","199","603","5","242.16"
"57","51","829","3","72.94"
"42","186","918","7","463.42"
"55","152","74","9","459.45"
"110","56","104","2","376.35"
"84","75","424","7","113.35"
"14","150","733","10","302.91"
"74","78","484","9","270.43"
"101","46","288","2","253.19"
"63","0","439","2","139.46"
"139","104","787","5","355.43"
"106","61","197","4","248.73"
"89","141","303","8","354.14"
"108","19","708","2","290.12"
"32","139","535","5","481.42"
"107","183","594","4","91.52"
"78","36","50","10","499.93"
"158","78","74","4","459.45"
"179","147","836","9","340.04"
"72","181","395","2","165.53"
"48","176","106","9","372.09"
"119","117","158","9","354.76"
"148","43","386","10","308.39"
"55","41","503","6","489.76"
"62","179","304","1","284.40"
"18","52","64","3","237.94"
"56","56","256","7","470.42"
"48","185","329","2","311.92"
"110","3","258","8","59.99"
"45","10","285","10","465.11"
"119","73","259","10","400.87"
"65","77","144","2","475.06"
"23","187","71","5","294.14"
"57","185","120","1","411.16"
"49","158","373","10","15.68"
"184","166","588","3","437.99"
"65","164","280","5","286.13"
"27","192","174","4","368.58"
"129","40","442","9","235.38"
"67","72","406","2","150.66"
"15","2","39","5","79.46"
"71","121","565","5","196.28"
"170","13","999","3","342.11"
"106","41","8","8","46.25"
"120","85","669","7","248.27"
"57","38","106","7","372.09"
"74","175","281","4","384.00"
"109","122","39","8","79.46"
"3","93","81","4","438.08"
"167","108","115","3","164.48"
"179","61","788","5","234.75"
"195","59","498","4","446.70"
"95","86","859","9","254.85"
"132","190","497","7","192.84"
"108","47","65","4","20.58"
"132","161","267","5","194.63"
"111","25","342","5","47.41"
"101","101","805","7","72.44"
"59","129","329","7","311.92"
"116","115","218","4","468.37"
"59","120","354","8","362.16"
"174","123","226","4","279.31"
"148","135","70","1","68.44"
"78","137","752","9","314.21"
"26","22","78","9","121.72"
"166","192","747","5","52.98"
"130","91","781","3","491.64"
"177","93","224","10","204.45"
"177","79","54","3","35.44"
"48","60","629","4","20.14"
"192","173","254","8","127.66"
"74","59","444","6","169.43"
"163","40","623","4","342.56"
"56","141","437","7","389.44"
"21","8","239","1","215.32"
"187","115","415","6","68.73"
"7","182","176","2","415.37"
"161","170","17","9","88.06"
"123","178","470","2","282.97"
"24","170","236","2","67.63"
"19","19","756","10","47.82"
"59","173","174","1","368.58"
"24","10","34","4","42.17"
"150","85","165","5","467.81"
"180","91","388","8","252.57"
"104","84","997","9","482.21"
"36","17","48","4","351.06"
"137","15","377","4","277.59"
"91","150","899","8","256.99"
"85","174","730","1","274.36"
"16","11","482","4","293.26"
"103","88","246","2","244.86"
"72","31","395","7","165.53"
"33","150","986","5","315.85"
"46","167","617","10","32.94"
"18","6","175","7","55.78"
"192","5","138","4","211.05"
"24","120","420","4","398.05"
"185","94","166","8","464.02"
"94","187","758","6","143.26"
"57","108","345","3","345.97"
"192","43","593","5","94.71"
"37","135","931","6","413.50"
"175","20","803","2","497.45"
"131","140","73","9","107.46"
"62","41","599","9","250.55"
"36","178","97","4","65.58"
"103","85","944","2","248.91"
"190","119","765","9","477.78"
"80","55","493","7","186.11"
"3","174","796","1","111.04"
"78","76","619","1","487.66"
"154","8","290","3","464.60"
"48","179","684","7","326.75"
"115","69","662","3","228.87"
"74","149","297","4","182.81"
"133","113","131","8","497.98"
"67","128","269","10","161.05"
"193","65","776","9","430.49"
"168","188","123","4","54.87"
"1","34","204","10","51.31"
"71","99","409","8","460.06"
"165","131","648","4","203.32"
"142","153","866","7","498.83"
"98","85","474","2","153.15"
"103","40","98","4","471.16"
"87","172","960","8","23.11"
"83","159","787","9","355.43"
"21","114","452","7","297.40"
"6","67","516","4","138.66"
"108","98","79","1","125.93"
"81","89","458","4","313.07"
"19","11","263","5","454.72"
"148","54","633","3","368.23"
"131","138","493","3","186.11"
"127","74","437","1","389.44"
"97","123","990","9","217.68"
"90","186","863","1","334.34"
"50","169","822","7","340.92"
"42","92","73","6","107.46"
"198","117","945","6","61.74"
"132","50","916","8","42.80"
"114","122","825","5","209.43"
"119","189","657","4","412.55"
"118","70","28","9","486.16"
"40","55","676","8","162.41"
"167","17","807","1","268.91"
"41","90","722","9","287.28"
"165","172","50","3","499.93"
"21","184","974","8","245.18"
"163","159","10","7","327.20"
"12","43","270","10","382.04"
"135","83","375","5","464.86"
"95","195","870","4","482.33"
"78","17","271","4","86.99"
"69","96","139","6","54.25"
"139","123","893","2","120.38"
"58","88","41","4","123.61"
"3","31","2","7","153.66"
"187","138","68","8","487.53"
"72","36","641","8","79.71"
"160","157","172","5","376.42"
"182","155","720","10","225.57"
"38","101","664","8","375.92"
"29","116","204","4","51.31"
"173","166","820","5","263.57"
"78","165","335","9","53.90"
"75","64","889","5","432.02"
"118","71","35","1","154.63"
"23","100","480","1","470.03"
"79","97","299","10","396.09"
"153","136","220","9","194.40"
"1","36","562","1","86.16"
"99","165","928","6","196.79"
"60","44","626","3","292.33"
"153","185","805","3","72.44"
"49","3","720","1","225.57"
"149","139","854","1","81.17"
"190","98","200","6","161.01"
"83","26","141","3","447.80"
"149","19","794","1","417.42"
"185","31","36","3","388.59"
"99","197","911","10","185.39"
"90","37","51","6","361.74"
"61","3","618","4","167.44"
"10","127","693","6","451.19"
"86","169","587","3","447.24"
"83","75","931","10","413.50"
"39","139","878","7","303.21"
"50","126","794","10","417.42"
"110","67","83","2","98.11"
"84","162","41","1","123.61"
"67","50","264","10","119.11"
"122","23","910","3","336.99"
"102","14","489","5","325.44"
"123","186","724","7","24.13"
"3","68","165","8","467.81"
"72","72","816","6","338.23"
"168","15","782","7","428.85"
"50","107","536","6","459.65"
"192","77","302","9","24.70"
"87","59","869","5","441.02"
"157","98","775","1","337.00"
"76","10","845","1","26.35"
"170","38","978","9","215.18"
"123","15","130","3","93.61"
"52","76","618","9","167.44"
"7","84","290","1","464.60"
"174","127","675","8","253.78"
"49","189","949","7","72.17"
"128","80","221","3","328.25"
"153","46","263","2","454.72"
"8","141","603","2","242.16"
"13","137","61","6","434.90"
"5","156","566","9","164.71"
"163","75","458","2","313.07"
"116","180","894","10","300.60"
"77","87","297","10","182.81"
"152","175","333","10","397.29"
"25","186","181","10","64.93"
"144","99","400","1","207.72"
"121","135","135","4","360.25"
"180","60","220","4","194.40"
"101","62","720","1","225.57"
"145","86","368","1","497.59"
"28","5","251","8","158.14"
"161","138","864","7","199.75"
"86","73","123","1","54.87"
"37","184","629","2","20.14"
"124","140","7","2","306.79"
"155","136","737","8","61.30"
"65","45","294","4","206.22"
"41","8","219","10","480.85"
"48","90","863","8","334.34"
"43","151","149","10","189.43"
"30","79","29","9","350.21"
"106","5","986","10","315.85"
"49","129","348","3","13.64"
"191","166","398","6","463.27"
"151","60","222","8","339.42"
"153","182","808","9","28.39"
"179","61","759","10","162.71"
"151","154","790","6","77.13"
"92","119","522","8","75.46"
"180","132","932","1","242.71"
"141","57","636","6","361.46"
"96","164","316","8","130.88"
"169","89","625","1","428.19"
"87","187","444","3","169.43"
"144","198","672","8","479.87"
"6","93","992","1","411.03"
"3","134","931","3","413.50"
"51","195","689","1","223.41"
"99","56","853","2","258.88"
"63","47","589","5","355.90"
"172","11","82","8","191.98"
"56","41","64","6","237.94"
"199","99","475","8","309.18"
"180","24","498","2","446.70"
"9","97","998","1","130.63"
"61","152","451","3","361.95"
"127","82","462","7","182.29"
"9","54","516","7","138.66"
"107","166","637","8","180.67"
"63","124","147","8","351.96"
"38","98","119","4","167.70"
"180","194","586","4","208.54"
"75","29","0","10","35.72"
"45","105","594","8","91.52"
"89","104","271","3","86.99"
"78","185","784","9","230.62"
"30","152","72","3","409.73"
"111","59","199","2","359.21"
"164","46","925","2","413.15"
"31","171","779","6","152.89"
"1","155","914","8","17.12"
"131","121","726","2","184.62"
"99","161","201","3","295.95"
"160","124","87","1","250.59"
"59","164","604","5","159.71"
"123","39","91","1","435.00"
"84","86","898","5","483.85"
"176","117","802","3","58.74"
"95","190","357","6","222.70"
"121","20","867","1","72.26"
"83","132","620","1","245.08"
"44","107","735","3","469.50"
"120","105","390","6","311.81"
"8","95","560","4","337.44"
"78","183","643","6","203.67"
"0","123","10","9","327.20"
"23","78","46","10","66.03"
"0","193","707","5","493.50"
"59","173","658","1","218.09"
"35","18","178","5","99.61"
"16","41","188","8","357.69"
"178","63","756","3","47.82"
"14","167","208","3","483.73"
"141","112","72","3","409.73"
"52","35","424","8","113.35"
"199","53","41","10","123.61"
"107","57","730","10","274.36"
"64","62","862","6","228.16"
"49","8","162","6","416.96"
"47","131","57","9","292.05"
"162","86","10","9","327.20"
"38","64","181","8","64.93"
"87","143","340","4","81.83"
"150","50","455","10","430.72"
"18","69","300","10","1.88"
"147","199","435","10","160.13"
"166","7","313","5","3.54"
"105","146","403","9","14.87"
"99","175","346","10","474.26"
"151","195","99","5","445.25"
"22","79","551","1","210.55"
"178","100","959","2","63.29"
"137","52","326","6","243.69"
"194","177","891","3","178.71"
"196","10","357","1","222.70"
"49","119","905","7","48.35"
"11","191","44","8","161.19"
"29","137","792","9","143.79"
"139","69","308","8","418.60"
"82","191","844","6","355.15"
"85","154","703","7","34.68"
"150","65","470","1","282.97"
"124","185","849","7","284.41"
"22","96","153","10","276.20"
"88","181","373","4","15.68"
"47","165","758","7","143.26"
"58","126","528","2","409.22"
"129","46","674","7","175.56"
"104","189","18","2","216.71"
"46","157","221","2","328.25"
"27","63","154","9","240.77"
"2","46","350","10","321.33"
"135","41","706","10","147.63"
"114","196","392","2","70.75"
"117","38","96","1","327.80"
"180","28","418","2","372.81"
"60","32","19","4","162.07"
"190","125","202","2","90.64"
"74","72","163","10","154.50"
"176","31","447","3","359.09"
"4","7","531","4","411.42"
"42","89","933","7","453.86"
"181","71","967","7","164.42"
"45","34","832","4","12.61"
"131","113","179","7","122.11"
"33","52","113","2","360.35"
"52","106","356","4","488.10"
"169","90","726","1","184.62"
"172","44","496","6","77.91"
"42","32","940","7","294.69"
"65","194","536","9","459.65"
"87","51","503","5","489.76"
"141","17","675","4","253.78"
"179","69","162","5","416.96"
"98","128","388","10","252.57"
"36","98","914","5","17.12"
"19","106","850","5","223.30"
"49","61","393","5","464.55"
"148","135","274","1","497.78"
"62","73","948","7","7.17"
"64","96","941","9","402.11"
"92","61","346","4","474.26"
"148","152","949","6","72.17"
"74","110","884","8","297.75"
"112","18","829","3","72.94"
"90","57","183","4","51.46"
"75","161","584","6","355.74"
"33","76","202","5","90.64"
"43","25","633","10","368.23"
"170","14","839","1","280.40"
"160","130","749","7","383.36"
"193","94","804","2","85.16"
"20","160","40","5","215.94"
"113","107","474","10","153.15"
"91","71","671","3","431.31"
"38","13","61","1","434.90"
"123","138","742","6","390.14"
"164","9","776","3","430.49"
"87","1","631","9","3.55"
"33","186","827","5","407.15"
"77","152","897","3","328.55"
"171","13","285","3","465.11"
"148","82","57","7","292.05"
"104","142","25","1","179.30"
"190","78","607","2","391.29"
"53","26","47","10","231.25"
"100","28","32","1","491.03"
"5","195","332","8","294.80"
"141","93","17","2","88.06"
"179","12","936","4","140.82"
"61","199","479","6","247.81"
"182","49","818","3","162.61"
"23","165","933","8","453.86"
"163","169","458","5","313.07"
