"0","792","70","163","718.9499999999999","5","2017-08-24 14:57:32","2017-09-24 14:57:32","Complete"
"1","928","41","74","1771.11","9","1992-11-12 04:24:27","1992-12-12 04:24:27","Complete"
"2","534","111","146","26.52","1","2016-05-06 04:52:58","2016-06-06 04:52:58","Complete"
"3","383","106","185","3378.6200000000003","7","1999-03-04 22:06:17","1999-04-04 22:06:17","Complete"
"4","963","24","60","1479.88","4","1992-07-09 22:23:11","1992-08-09 22:23:11","Complete"
"5","487","44","179","1998.99","7","1985-06-06 09:00:32","1985-07-06 09:00:32","Complete"
"6","769","143","17","572.18","2","1982-03-20 00:25:53","1982-04-20 00:25:53","Complete"
"7","418","9","123","745.62","2","2008-09-13 10:11:35","2008-10-13 10:11:35","Complete"
"8","540","173","140","344.09","1","2020-06-22 19:19:49","2020-07-22 19:19:49","Complete"
"9","191","158","164","1261.75","7","1998-06-01 21:57:40","1998-07-01 21:57:40","Complete"
"10","751","92","27","1255.23","9","2011-11-08 15:14:04","2011-12-08 15:14:04","Complete"
"11","355","54","113","520.96","2","1990-07-31 00:13:58","1990-08-28 00:13:58","Complete"
"12","966","35","103","923.94","3","1990-11-12 06:49:36","1990-12-12 06:49:36","Complete"
"13","156","122","108","4442.04","9","2016-11-02 21:09:43","2016-12-02 21:09:43","Complete"
"14","576","149","34","379.34","1","1974-07-29 22:22:00","1974-08-26 22:22:00","Complete"
"15","84","135","199","594.32","2","2020-03-02 02:54:49","2020-04-02 02:54:49","Complete"
"16","789","61","191","0.0","0","2001-07-22 01:59:25","2001-08-22 01:59:25","Complete"
"17","53","144","171","0.0","0","2017-10-25 05:25:38","2017-11-25 05:25:38","Complete"
"18","294","51","133","1031.1","5","1975-09-02 11:19:49","1975-10-02 11:19:49","Complete"
"19","551","52","68","0.0","0","2010-04-07 05:21:23","2010-05-07 05:21:23","Complete"
"20","397","72","54","2989.84","8","2016-12-11 15:56:24","2017-01-11 15:56:24","Complete"
"21","938","171","130","496.8","5","2005-02-01 11:23:25","2005-03-01 11:23:25","Complete"
"22","715","146","73","1513.96","4","2001-09-27 21:51:53","2001-10-27 21:51:53","Complete"
"23","747","186","192","370.85999999999996","7","2008-01-29 03:56:36","2008-02-26 03:56:36","Complete"
"24","539","114","119","1098.48","3","2021-04-25 11:42:08","2021-05-25 11:42:08","Complete"
"25","784","46","69","2306.2","10","1974-03-23 16:53:38","1974-04-23 16:53:38","Complete"
"26","197","15","115","1492.3799999999999","6","2020-01-18 14:33:05","2020-02-18 14:33:05","Complete"
"27","155","111","54","850.6999999999999","10","1990-05-07 22:15:00","1990-06-07 22:15:00","Complete"
"28","175","41","174","167.34","3","2010-11-04 20:32:38","2010-12-04 20:32:38","Complete"
"29","219","184","137","3846.8","8","2017-04-17 10:32:03","2017-05-17 10:32:03","Complete"
"30","340","90","59","818.3","10","2004-04-23 11:54:30","2004-05-23 11:54:30","Complete"
"31","840","124","199","1341.66","3","1993-05-11 22:14:19","1993-06-11 22:14:19","Complete"
"32","904","118","111","3170.58","7","2007-12-24 22:32:57","2008-01-24 22:32:57","Complete"
"33","632","65","18","3289.6","8","1980-11-24 22:20:34","1980-12-24 22:20:34","Complete"
"34","674","47","46","351.12","2","2017-10-15 11:22:04","2017-11-15 11:22:04","Complete"
"35","480","158","132","470.03","1","2016-12-28 08:47:08","2017-01-28 08:47:08","Complete"
"36","755","72","141","688.02","6","1995-08-11 20:15:06","1995-09-11 20:15:06","Complete"
"37","424","182","50","906.8","8","1982-12-21 01:25:46","1983-01-21 01:25:46","Complete"
"38","119","127","102","503.09999999999997","3","2004-03-23 06:33:55","2004-04-23 06:33:55","Complete"
"39","122","62","84","145.99","1","1985-10-01 03:47:50","1985-11-01 03:47:50","Complete"
"40","795","86","143","1777.15","5","1992-06-11 05:26:16","1992-07-11 05:26:16","Complete"
"41","338","105","121","411.15000000000003","3","1989-09-13 18:36:54","1989-10-13 18:36:54","Complete"
"42","900","134","147","459.36","3","1985-07-23 03:09:59","1985-08-23 03:09:59","Complete"
"43","981","120","26","3816.0","8","1994-12-16 15:24:27","1995-01-16 15:24:27","Complete"
"44","659","28","141","69.43","1","1987-05-15 02:59:45","1987-06-15 02:59:45","Complete"
"45","482","91","126","2639.34","9","1977-05-15 10:29:43","1977-06-15 10:29:43","Complete"
"46","886","179","78","284.24","8","1996-12-15 23:23:43","1997-01-15 23:23:43","Complete"
"47","272","133","59","33.22","2","2021-08-07 07:40:25","2021-09-07 07:40:25","Complete"
"48","82","164","178","1151.8799999999999","6","2008-10-03 01:12:25","2008-11-03 01:12:25","Complete"
"49","502","25","92","776.4","2","2009-09-01 07:46:36","2009-10-01 07:46:36","Complete"
"50","572","129","100","764.26","2","1992-11-09 10:31:27","1992-12-09 10:31:27","Complete"
"51","104","84","91","1129.0500000000002","3","1977-03-08 06:07:59","1977-04-08 06:07:59","Complete"
"52","397","34","120","373.73","1","1976-03-21 07:31:12","1976-04-21 07:31:12","Complete"
"53","583","99","116","0.0","0","2011-09-09 09:44:23","2011-10-09 09:44:23","Complete"
"54","608","0","107","1025.94","6","2009-01-04 19:54:11","2009-02-04 19:54:11","Complete"
"55","747","39","40","476.82","9","2005-01-05 03:02:17","2005-02-05 03:02:17","Complete"
"56","653","145","111","775.32","7","2014-12-14 13:04:09","2015-01-14 13:04:09","Complete"
"57","654","151","30","422.51","1","1994-04-01 11:17:20","1994-05-01 11:17:20","Complete"
"58","968","108","157","4450.400000000001","10","2006-07-03 19:15:29","2006-08-03 19:15:29","Complete"
"59","45","63","159","1022.6999999999999","6","2004-04-23 04:24:20","2004-05-23 04:24:20","Complete"
"60","397","170","99","2989.84","8","2009-10-16 21:35:27","2009-11-16 21:35:27","Complete"
"61","333","109","123","3972.9","10","2000-09-18 05:11:47","2000-10-18 05:11:47","Complete"
"62","414","32","128","203.88","4","2017-06-17 17:02:45","2017-07-17 17:02:45","Complete"
"63","301","145","30","0.0","0","1982-07-23 12:35:30","1982-08-23 12:35:30","Complete"
"64","711","71","73","0.0","0","1997-09-19 15:49:43","1997-10-19 15:49:43","Complete"
"65","454","81","67","3240.72","9","1986-04-15 12:06:45","1986-05-15 12:06:45","Complete"
"66","17","65","168","616.4200000000001","7","1995-11-06 02:01:53","1995-12-06 02:01:53","Complete"
"67","252","90","199","1405.74","6","1990-11-20 19:12:45","1990-12-20 19:12:45","Complete"
"68","105","80","95","1985.1","10","1986-09-17 18:48:34","1986-10-17 18:48:34","Complete"
"69","981","84","44","1908.0","4","2006-01-30 00:22:10","2006-02-27 00:22:10","Complete"
"70","833","197","151","0.0","0","1993-05-25 01:36:23","1993-06-25 01:36:23","Complete"
"71","325","93","119","1169.56","4","1990-09-05 05:21:21","1990-10-05 05:21:21","Complete"
"72","726","85","179","1292.3400000000001","7","2004-10-23 03:54:27","2004-11-23 03:54:27","Complete"
"73","297","39","120","548.4300000000001","3","2005-09-19 11:38:38","2005-10-19 11:38:38","Complete"
"74","446","189","112","0.0","0","2000-07-20 09:40:21","2000-08-20 09:40:21","Complete"
"75","827","61","194","1628.6","4","1988-11-13 16:29:05","1988-12-13 16:29:05","Complete"
"76","344","130","173","338.84","4","2016-03-16 21:41:07","2016-04-16 21:41:07","Complete"
"77","99","73","109","1335.75","3","1990-06-27 12:15:20","1990-07-27 12:15:20","Complete"
"78","553","196","114","3317.6","10","1981-01-16 01:40:20","1981-02-16 01:40:20","Complete"
"79","754","116","166","1802.16","4","2018-06-07 14:09:33","2018-07-07 14:09:33","Complete"
"80","488","93","180","1712.4099999999999","7","2018-11-24 02:52:22","2018-12-24 02:52:22","Complete"
"81","50","55","7","2999.58","6","2010-02-13 14:59:30","2010-03-13 14:59:30","Complete"
"82","296","57","4","2824.4","8","1998-02-23 05:45:19","1998-03-23 05:45:19","Complete"
"83","404","148","50","0.0","0","2015-04-24 22:37:10","2015-05-24 22:37:10","Complete"
"84","629","142","99","100.7","5","1994-12-02 11:04:02","1995-01-02 11:04:02","Complete"
"85","454","56","194","0.0","0","1998-02-09 21:28:59","1998-03-09 21:28:59","Complete"
"86","420","136","48","3184.4","8","1992-08-09 14:55:22","1992-09-09 14:55:22","Complete"
"87","761","128","84","1929.84","8","2002-11-30 13:04:01","2002-12-27 13:04:01","Complete"
"88","171","66","112","1534.54","7","1996-02-21 13:38:29","1996-03-21 13:38:29","Complete"
"89","107","183","32","262.95000000000005","3","2010-03-03 16:12:39","2010-04-03 16:12:39","Complete"
"90","563","43","124","2051.1","9","1979-03-04 20:34:05","1979-04-04 20:34:05","Complete"
"91","308","145","184","2093.0","5","2004-10-06 05:09:02","2004-11-06 05:09:02","Complete"
"92","142","168","1","199.38","6","2020-07-23 09:08:12","2020-08-23 09:08:12","Complete"
"93","361","77","109","3895.1","10","1979-08-04 22:45:55","1979-09-04 22:45:55","Complete"
"94","139","104","85","271.25","5","1983-06-08 19:58:59","1983-07-08 19:58:59","Complete"
"95","301","154","44","2747.44","8","1981-04-22 03:18:59","1981-05-22 03:18:59","Complete"
"96","446","195","198","2657.7999999999997","10","2012-10-04 16:07:04","2012-11-04 16:07:04","Complete"
"97","390","137","10","1870.8600000000001","6","1977-12-14 13:43:52","1978-01-14 13:43:52","Complete"
"98","105","164","34","1588.08","8","2007-09-29 12:26:24","2007-10-26 12:26:24","Complete"
"99","77","11","0","52.94","1","2018-11-08 02:53:10","2018-12-08 02:53:10","Complete"
"100","106","164","88","1860.4499999999998","5","2006-02-26 03:11:20","2006-03-26 03:11:20","Complete"
"101","496","185","37","77.91","1","1984-11-03 21:59:53","1984-12-03 21:59:53","Complete"
"102","845","191","6","158.10000000000002","6","2004-02-07 08:14:22","2004-03-07 08:14:22","Complete"
"103","872","195","119","0.0","0","2007-07-05 16:02:22","2007-08-05 16:02:22","Complete"
"104","901","69","72","1230.72","3","2001-05-07 16:05:06","2001-06-07 16:05:06","Complete"
"105","829","132","58","364.7","5","2016-11-01 08:09:55","2016-12-01 08:09:55","Complete"
"106","70","122","134","205.32","3","1976-03-23 02:28:58","1976-04-23 02:28:58","Complete"
"107","844","104","185","1775.75","5","2005-11-19 12:04:49","2005-12-19 12:04:49","Complete"
"108","364","76","12","0.0","0","1996-09-09 17:40:04","1996-10-09 17:40:04","Complete"
"109","938","97","172","99.36","1","1981-10-22 09:26:15","1981-11-22 09:26:15","Complete"
"110","792","33","158","1150.32","8","1988-08-20 14:50:45","1988-09-20 14:50:45","Complete"
"111","653","67","140","1107.6000000000001","10","2010-09-08 06:02:33","2010-10-08 06:02:33","Complete"
"112","429","193","62","0.0","0","1991-08-12 06:04:44","1991-09-12 06:04:44","Complete"
"113","301","167","1","2404.01","7","1997-04-19 07:02:11","1997-05-19 07:02:11","Complete"
"114","957","175","177","2104.69","7","1974-02-25 00:40:40","1974-03-25 00:40:40","Complete"
"115","958","91","125","93.92","1","2021-11-25 23:37:03","2021-12-25 23:37:03","Incomplete"
"116","758","125","134","1146.08","8","1983-04-02 21:32:46","1983-05-02 21:32:46","Complete"
"117","271","184","185","608.93","7","2013-01-19 01:46:47","2013-02-19 01:46:47","Complete"
"118","164","161","46","2348.46","6","1977-06-15 20:20:46","1977-07-15 20:20:46","Complete"
"119","519","14","161","252.07","7","2009-07-02 07:54:02","2009-08-02 07:54:02","Complete"
"120","308","119","31","418.6","1","2008-01-02 03:52:06","2008-02-02 03:52:06","Complete"
"121","199","101","69","359.21","1","1987-06-22 21:37:00","1987-07-22 21:37:00","Complete"
"122","844","117","107","2841.2","8","2008-05-20 08:53:15","2008-06-20 08:53:15","Complete"
"123","212","22","111","4494.96","9","2020-12-23 02:49:42","2021-01-23 02:49:42","Complete"
"124","339","143","107","809.76","3","1976-01-09 12:26:36","1976-02-09 12:26:36","Complete"
"125","29","140","177","350.21","1","2003-06-14 13:49:44","2003-07-14 13:49:44","Complete"
"126","765","61","65","955.56","2","2012-03-03 10:03:08","2012-04-03 10:03:08","Complete"
"127","159","103","68","81.22","2","1971-04-19 11:17:45","1971-05-19 11:17:45","Complete"
"128","767","140","19","3035.5","10","1996-07-18 01:37:55","1996-08-18 01:37:55","Complete"
"129","737","173","188","429.09999999999997","7","2021-07-09 19:52:56","2021-08-09 19:52:56","Complete"
"130","634","58","43","3682.62","9","2009-06-04 05:58:49","2009-07-04 05:58:49","Complete"
"131","557","194","71","2930.2200000000003","6","1993-08-25 17:24:59","1993-09-25 17:24:59","Complete"
"132","189","153","152","3247.65","7","1984-08-31 23:26:13","1984-09-28 23:26:13","Complete"
"133","133","188","144","684.33","3","2008-08-11 07:14:10","2008-09-11 07:14:10","Complete"
"134","783","117","85","2646.84","6","2005-08-09 02:23:32","2005-09-09 02:23:32","Complete"
"135","211","173","44","323.48","4","2002-03-23 15:25:41","2002-04-23 15:25:41","Complete"
"136","726","162","16","184.62","1","2006-09-23 06:03:14","2006-10-23 06:03:14","Complete"
"137","910","140","47","1347.96","4","2016-04-28 08:41:00","2016-05-28 08:41:00","Complete"
"138","786","51","114","1963.8","4","2013-12-19 13:16:24","2014-01-19 13:16:24","Complete"
"139","398","2","91","463.27","1","2020-03-10 15:26:10","2020-04-10 15:26:10","Complete"
"140","760","153","9","468.62","1","1995-11-27 07:39:36","1995-12-27 07:39:36","Complete"
"141","29","2","18","350.21","1","2013-06-24 23:25:01","2013-07-24 23:25:01","Complete"
"142","50","41","25","4999.3","10","2002-04-30 03:38:56","2002-05-27 03:38:56","Complete"
"143","798","152","112","494.58","2","1997-08-19 23:05:05","1997-09-19 23:05:05","Complete"
"144","902","92","102","470.19","1","1973-07-12 12:08:39","1973-08-12 12:08:39","Complete"
"145","194","123","190","2929.5","10","1981-03-27 02:15:43","1981-04-27 02:15:43","Complete"
"146","716","96","151","2203.62","6","1972-10-26 10:52:39","1972-11-26 10:52:39","Complete"
"147","152","1","89","2823.2999999999997","10","2007-01-03 14:09:43","2007-02-03 14:09:43","Complete"
"148","344","196","190","592.9699999999999","7","1970-11-27 19:23:36","1970-12-27 19:23:36","Complete"
"149","517","88","109","805.5","9","1989-10-03 06:07:28","1989-11-03 06:07:28","Complete"
"150","153","189","191","1933.3999999999999","7","1989-09-13 15:45:03","1989-10-13 15:45:03","Complete"
"151","346","138","17","4742.6","10","1997-02-06 16:00:32","1997-03-06 16:00:32","Complete"
"152","399","34","40","1728.6","4","1970-11-06 18:50:54","1970-12-06 18:50:54","Complete"
"153","640","20","13","960.72","8","2001-12-23 06:05:28","2002-01-23 06:05:28","Complete"
"154","65","56","195","41.16","2","1981-08-08 16:25:47","1981-09-08 16:25:47","Complete"
"155","774","24","170","0.0","0","1982-09-17 11:49:06","1982-10-17 11:49:06","Complete"
"156","451","61","49","3619.5","10","1995-10-04 20:40:42","1995-11-04 20:40:42","Complete"
"157","261","41","149","969.3","2","2016-10-06 21:59:16","2016-11-06 21:59:16","Complete"
"158","569","71","141","3198.32","8","2007-08-04 22:36:17","2007-09-04 22:36:17","Complete"
"159","142","62","17","99.69","3","2015-05-08 11:07:17","2015-06-08 11:07:17","Complete"
"160","301","182","60","343.43","1","1973-08-29 15:11:34","1973-09-26 15:11:34","Complete"
"161","164","199","179","2739.8700000000003","7","2006-11-29 02:21:46","2006-12-26 02:21:46","Complete"
"162","614","72","52","862.71","3","2020-09-27 15:35:36","2020-10-27 15:35:36","Complete"
"163","582","159","179","858.96","6","1978-09-19 07:22:35","1978-10-19 07:22:35","Complete"
"164","619","21","126","3901.28","8","1994-01-04 17:25:27","1994-02-04 17:25:27","Complete"
"165","451","41","3","2533.65","7","1991-06-10 17:20:27","1991-07-10 17:20:27","Complete"
"166","813","181","23","852.16","8","2018-01-30 00:34:27","2018-02-27 00:34:27","Complete"
"167","362","122","101","350.54","2","1972-11-02 23:50:19","1972-12-02 23:50:19","Complete"
"168","52","100","25","916.14","6","2010-11-10 20:46:11","2010-12-10 20:46:11","Complete"
"169","241","50","128","3034.2000000000003","10","1973-06-24 10:51:25","1973-07-24 10:51:25","Complete"
"170","893","17","183","481.52","4","1988-12-21 14:16:37","1989-01-21 14:16:37","Complete"
"171","721","93","89","798.32","2","1985-08-16 15:35:57","1985-09-16 15:35:57","Complete"
"172","848","128","124","44.85","1","2006-12-15 10:54:33","2007-01-15 10:54:33","Complete"
"173","492","100","29","758.6","5","1974-05-24 23:15:27","1974-06-24 23:15:27","Complete"
"174","36","186","102","0.0","0","2018-03-15 08:57:42","2018-04-15 08:57:42","Complete"
"175","961","85","41","2507.2200000000003","6","2014-06-27 04:24:21","2014-07-27 04:24:21","Complete"
"176","967","144","173","0.0","0","1986-05-09 04:58:06","1986-06-09 04:58:06","Complete"
"177","984","101","59","2650.32","9","1976-02-23 20:02:22","1976-03-23 20:02:22","Complete"
"178","18","185","90","866.84","4","1993-02-17 19:39:02","1993-03-17 19:39:02","Complete"
"179","261","86","57","1453.9499999999998","3","1998-09-04 21:50:39","1998-10-04 21:50:39","Complete"
"180","777","199","25","3115.52","8","1985-06-14 03:38:58","1985-07-14 03:38:58","Complete"
"181","989","144","142","770.46","3","2012-03-08 06:04:28","2012-04-08 06:04:28","Complete"
"182","854","10","108","243.51","3","2017-05-28 19:38:07","2017-06-28 19:38:07","Complete"
"183","664","138","184","2631.44","7","2010-10-10 05:50:37","2010-11-10 05:50:37","Complete"
"184","724","41","138","24.13","1","2012-04-11 13:44:18","2012-05-11 13:44:18","Complete"
"185","889","101","108","3024.14","7","2005-08-05 02:08:39","2005-09-05 02:08:39","Complete"
"186","249","145","14","431.76","3","2015-06-10 11:08:41","2015-07-10 11:08:41","Complete"
"187","974","191","44","245.18","1","1992-04-20 03:08:59","1992-05-20 03:08:59","Complete"
"188","841","53","83","2175.9","10","1994-02-16 07:23:43","1994-03-16 07:23:43","Complete"
"189","723","21","124","904.92","2","2018-04-24 04:50:42","2018-05-24 04:50:42","Complete"
"190","413","113","35","2215.98","6","1970-08-27 15:37:01","1970-09-27 15:37:01","Complete"
"191","200","34","45","483.03","3","2020-04-27 06:22:29","2020-05-27 06:22:29","Complete"
"192","801","84","84","532.48","8","2007-09-13 05:43:32","2007-10-13 05:43:32","Complete"
"193","780","121","57","1442.34","9","1984-06-24 19:55:22","1984-07-24 19:55:22","Complete"
"194","220","160","131","1360.8","7","1997-02-13 08:32:27","1997-03-13 08:32:27","Complete"
"195","95","97","135","149.4","5","2004-11-25 11:45:57","2004-12-25 11:45:57","Complete"
"196","26","137","110","1883.8999999999999","5","1972-12-22 14:22:58","1973-01-22 14:22:58","Complete"
"197","799","128","14","724.41","3","1992-09-05 01:48:48","1992-10-05 01:48:48","Complete"
"198","708","57","148","2611.08","9","1994-10-06 12:52:55","1994-11-06 12:52:55","Complete"
"199","355","17","115","2083.84","8","2002-08-26 18:11:57","2002-09-26 18:11:57","Complete"
"200","41","20","128","370.83","3","1975-08-15 01:41:48","1975-09-15 01:41:48","Complete"
"201","880","193","45","941.96","4","1978-05-04 01:13:41","1978-06-04 01:13:41","Complete"
"202","241","157","141","1517.1000000000001","5","2003-08-17 19:14:34","2003-09-17 19:14:34","Complete"
"203","519","39","158","252.07","7","1987-11-24 11:43:39","1987-12-24 11:43:39","Complete"
"204","869","121","17","1323.06","3","2002-05-14 22:42:02","2002-06-14 22:42:02","Complete"
"205","271","151","98","260.96999999999997","3","1986-09-13 14:26:40","1986-10-13 14:26:40","Complete"
"206","324","191","7","575.88","4","1977-12-08 16:16:25","1978-01-08 16:16:25","Complete"
"207","917","124","185","475.6","8","1975-06-01 11:00:06","1975-07-01 11:00:06","Complete"
"208","480","6","145","2820.18","6","1986-11-03 08:57:12","1986-12-03 08:57:12","Complete"
"209","221","166","109","3282.5","10","2019-06-04 01:07:16","2019-07-04 01:07:16","Complete"
"210","63","29","6","558.88","7","1994-12-18 10:36:51","1995-01-18 10:36:51","Complete"
"211","73","196","149","967.14","9","2010-08-07 12:48:17","2010-09-07 12:48:17","Complete"
"212","237","131","86","1224.1","10","1974-02-27 00:13:36","1974-03-27 00:13:36","Complete"
"213","784","48","88","461.24","2","2012-07-23 15:36:01","2012-08-23 15:36:01","Complete"
"214","663","181","114","78.82","2","1994-05-27 23:44:58","1994-06-27 23:44:58","Complete"
"215","943","181","39","42.8","1","1988-05-16 19:41:43","1988-06-16 19:41:43","Complete"
"216","542","153","48","3147.48","7","1994-06-22 15:45:15","1994-07-22 15:45:15","Complete"
"217","60","180","162","44.94","3","2011-06-11 23:43:06","2011-07-11 23:43:06","Complete"
"218","46","157","110","528.24","8","1997-02-25 12:39:30","1997-03-25 12:39:30","Complete"
"219","531","24","184","4114.2","10","1989-06-28 18:44:07","1989-07-28 18:44:07","Complete"
"220","72","76","54","0.0","0","2009-09-26 20:18:41","2009-10-26 20:18:41","Complete"
"221","176","169","25","415.37","1","1991-10-15 02:39:10","1991-11-15 02:39:10","Complete"
"222","829","65","25","145.88","2","1983-04-28 07:12:59","1983-05-28 07:12:59","Complete"
"223","463","189","57","267.56","1","1975-08-17 10:17:36","1975-09-17 10:17:36","Complete"
"224","972","129","109","0.0","0","1986-07-13 05:14:36","1986-08-13 05:14:36","Complete"
"225","715","61","84","3784.9","10","1996-10-17 11:12:26","1996-11-17 11:12:26","Complete"
"226","297","128","169","1462.48","8","1973-09-27 14:05:59","1973-10-27 14:05:59","Complete"
"227","114","121","171","3391.12","8","2019-02-20 19:19:42","2019-03-20 19:19:42","Complete"
"228","6","12","27","1507.8999999999999","5","2014-04-01 12:27:47","2014-05-01 12:27:47","Complete"
"229","313","120","104","35.4","10","2001-05-22 13:31:14","2001-06-22 13:31:14","Complete"
"230","253","149","29","802.42","2","2008-04-25 09:04:25","2008-05-25 09:04:25","Complete"
"231","766","5","137","2076.0","8","2015-08-26 08:48:35","2015-09-26 08:48:35","Complete"
"232","363","125","62","699.44","8","2018-10-18 02:39:18","2018-11-18 02:39:18","Complete"
"233","373","123","156","94.08","6","1989-09-04 17:52:53","1989-10-04 17:52:53","Complete"
"234","428","55","199","34.85","5","1975-02-11 23:02:01","1975-03-11 23:02:01","Complete"
"235","400","130","37","1869.48","9","1978-11-19 16:30:34","1978-12-19 16:30:34","Complete"
"236","280","94","34","858.39","3","1981-05-05 00:40:08","1981-06-05 00:40:08","Complete"
"237","209","49","146","55.17","3","1990-11-08 15:44:53","1990-12-08 15:44:53","Complete"
"238","192","126","174","927.6600000000001","6","1991-04-22 17:40:13","1991-05-22 17:40:13","Complete"
"239","201","51","60","887.8499999999999","3","1978-08-09 10:40:03","1978-09-09 10:40:03","Complete"
"240","194","178","147","1171.8","4","1976-08-15 07:48:32","1976-09-15 07:48:32","Complete"
"241","191","73","4","540.75","3","2007-11-21 10:33:00","2007-12-21 10:33:00","Complete"
"242","565","185","98","1373.96","7","1991-05-27 19:34:02","1991-06-27 19:34:02","Complete"
"243","218","198","42","4215.33","9","1990-05-02 10:13:10","1990-06-02 10:13:10","Complete"
"244","26","35","86","0.0","0","1986-03-24 13:31:53","1986-04-24 13:31:53","Complete"
"245","783","111","94","2205.7","5","2020-05-25 07:49:56","2020-06-25 07:49:56","Complete"
"246","411","188","60","431.44","2","1979-08-22 11:48:58","1979-09-22 11:48:58","Complete"
"247","454","90","76","360.08","1","1998-10-30 15:24:40","1998-11-27 15:24:40","Complete"
"248","72","74","48","1229.19","3","1994-02-28 11:41:00","1994-03-28 11:41:00","Complete"
"249","294","95","99","824.88","4","1976-08-19 18:30:38","1976-09-19 18:30:38","Complete"
"250","329","103","188","1247.68","4","2001-01-06 12:50:07","2001-02-06 12:50:07","Complete"
"251","603","137","155","2421.6","10","1986-02-20 10:38:39","1986-03-20 10:38:39","Complete"
"252","163","189","170","309.0","2","2019-10-12 09:09:15","2019-11-12 09:09:15","Complete"
"253","514","134","148","1381.68","3","1988-05-31 04:23:25","1988-06-28 04:23:25","Complete"
"254","386","67","94","0.0","0","1981-02-28 17:45:55","1981-03-28 17:45:55","Complete"
"255","493","187","5","1861.1000000000001","10","1999-11-24 17:52:16","1999-12-24 17:52:16","Complete"
"256","531","31","178","2057.1","5","1999-05-21 16:13:53","1999-06-21 16:13:53","Complete"
"257","184","114","101","2509.6","10","1974-05-16 00:58:38","1974-06-16 00:58:38","Complete"
"258","20","170","96","3321.0","10","1972-10-30 11:31:58","1972-11-27 11:31:58","Complete"
"259","68","6","17","4387.7699999999995","9","1995-04-01 02:24:33","1995-05-01 02:24:33","Complete"
"260","554","12","183","453.92","8","2000-10-09 13:47:48","2000-11-09 13:47:48","Complete"
"261","992","40","173","2466.18","6","1971-12-02 12:01:14","1972-01-02 12:01:14","Complete"
"262","415","141","144","549.84","8","1994-06-20 13:56:32","1994-07-20 13:56:32","Complete"
"263","863","183","64","334.34","1","1997-01-31 00:34:29","1997-02-28 00:34:29","Complete"
"264","360","177","67","526.32","2","1973-03-27 12:49:02","1973-04-27 12:49:02","Complete"
"265","709","182","137","748.7","10","1997-11-11 12:56:44","1997-12-11 12:56:44","Complete"
"266","365","32","47","0.0","0","2010-08-16 15:28:44","2010-09-16 15:28:44","Complete"
"267","97","192","163","196.74","3","1995-01-14 15:35:49","1995-02-14 15:35:49","Complete"
"268","405","168","58","1918.88","4","1999-11-24 02:45:13","1999-12-24 02:45:13","Complete"
"269","631","104","84","10.649999999999999","3","2013-04-07 11:52:05","2013-05-07 11:52:05","Complete"
"270","785","27","100","115.39999999999999","5","1982-07-05 00:45:55","1982-08-05 00:45:55","Complete"
"271","14","22","101","628.56","4","1996-09-09 05:02:22","1996-10-09 05:02:22","Complete"
"272","210","82","74","2564.1","7","1979-12-20 13:30:42","1980-01-20 13:30:42","Complete"
"273","154","60","177","481.54","2","1981-08-21 23:58:27","1981-09-21 23:58:27","Complete"
"274","347","193","149","1967.2","4","1984-07-03 14:58:22","1984-08-03 14:58:22","Complete"
"275","773","25","111","1206.25","5","2013-01-20 09:22:16","2013-02-20 09:22:16","Complete"
"276","956","15","85","0.0","0","1974-10-04 06:52:11","1974-11-04 06:52:11","Complete"
"277","28","8","72","486.16","1","1978-09-26 17:59:11","1978-10-26 17:59:11","Complete"
"278","753","188","10","1506.6","6","2010-07-04 17:21:05","2010-08-04 17:21:05","Complete"
"279","982","15","97","711.56","4","2012-05-04 23:06:29","2012-06-04 23:06:29","Complete"
"280","737","75","8","0.0","0","1983-10-14 12:35:01","1983-11-14 12:35:01","Complete"
"281","300","171","49","15.04","8","2021-11-07 10:49:46","2021-12-07 10:49:46","Incomplete"
"282","348","37","164","13.64","1","2019-04-21 21:32:20","2019-05-21 21:32:20","Complete"
"283","424","169","151","0.0","0","1980-08-07 10:05:25","1980-09-07 10:05:25","Complete"
"284","464","177","60","2415.52","8","2020-11-30 04:19:41","2020-12-27 04:19:41","Complete"
"285","358","98","173","535.3","5","2012-08-20 11:42:00","2012-09-20 11:42:00","Complete"
"286","332","133","61","2063.6","7","1982-07-18 13:46:23","1982-08-18 13:46:23","Complete"
"287","659","153","123","277.72","4","2006-07-10 17:13:05","2006-08-10 17:13:05","Complete"
"288","424","117","73","566.75","5","1984-04-23 22:51:37","1984-05-23 22:51:37","Complete"
"289","275","63","5","117.43","1","1972-12-19 18:26:33","1973-01-19 18:26:33","Complete"
"290","669","129","115","2482.7000000000003","10","2011-12-19 13:12:01","2012-01-19 13:12:01","Complete"
"291","661","13","73","2597.0","7","1972-05-27 06:42:57","1972-06-27 06:42:57","Complete"
"292","670","178","57","0.0","0","1985-07-08 01:27:38","1985-08-08 01:27:38","Complete"
"293","669","0","88","1737.89","7","1999-08-01 02:11:44","1999-09-01 02:11:44","Complete"
"294","224","37","188","1635.6","8","1997-06-30 00:07:13","1997-07-27 00:07:13","Complete"
"295","875","26","59","3047.03","7","2019-11-11 13:42:23","2019-12-11 13:42:23","Complete"
"296","195","2","36","1659.78","9","1999-03-09 00:25:15","1999-04-09 00:25:15","Complete"
"297","502","38","145","3882.0","10","1976-02-19 11:19:03","1976-03-19 11:19:03","Complete"
"298","567","40","25","0.0","0","2001-07-27 05:14:32","2001-08-27 05:14:32","Complete"
"299","941","197","171","804.22","2","1980-04-17 22:41:20","1980-05-17 22:41:20","Complete"
"300","765","126","91","0.0","0","1985-05-25 20:35:58","1985-06-25 20:35:58","Complete"
"301","859","182","113","1529.1","6","2021-01-11 05:15:31","2021-02-11 05:15:31","Complete"
"302","468","35","6","2112.6","10","1993-11-22 18:31:06","1993-12-22 18:31:06","Complete"
"303","962","85","131","896.0","7","1998-08-12 19:36:44","1998-09-12 19:36:44","Complete"
"304","633","40","179","3682.3","10","1970-06-18 04:14:21","1970-07-18 04:14:21","Complete"
"305","789","183","134","1390.1","5","2001-08-06 04:36:24","2001-09-06 04:36:24","Complete"
"306","278","141","170","1618.1","5","2000-10-31 04:05:02","2000-11-28 04:05:02","Complete"
"307","713","152","66","669.39","3","2004-02-21 06:56:35","2004-03-21 06:56:35","Complete"
"308","61","100","69","1739.6","4","1995-04-15 12:57:44","1995-05-15 12:57:44","Complete"
"309","895","126","92","1062.6299999999999","9","2021-02-23 17:36:45","2021-03-23 17:36:45","Complete"
"310","854","124","18","649.36","8","2002-03-11 18:40:59","2002-04-11 18:40:59","Complete"
"311","487","58","111","0.0","0","1988-03-26 23:25:47","1988-04-26 23:25:47","Complete"
"312","442","127","146","2118.42","9","1984-09-26 01:54:18","1984-10-26 01:54:18","Complete"
"313","681","66","155","736.52","2","1984-04-14 22:20:07","1984-05-14 22:20:07","Complete"
"314","440","108","4","3336.2","10","2011-02-28 13:54:36","2011-03-28 13:54:36","Complete"
"315","138","39","120","1899.45","9","1992-10-18 08:22:51","1992-11-18 08:22:51","Complete"
"316","140","8","54","1997.6","8","2020-06-30 19:24:16","2020-07-27 19:24:16","Complete"
"317","824","150","163","1032.0","3","1990-07-15 01:18:42","1990-08-15 01:18:42","Complete"
"318","914","159","81","0.0","0","2013-09-28 13:52:27","2013-10-28 13:52:27","Complete"
"319","104","137","151","2258.1000000000004","6","2016-09-23 11:38:32","2016-10-23 11:38:32","Complete"
"320","60","146","9","134.82","9","1992-12-23 02:42:59","1993-01-23 02:42:59","Complete"
"321","98","65","176","942.32","2","1978-05-18 10:13:38","1978-06-18 10:13:38","Complete"
"322","246","101","106","244.86","1","2013-11-09 10:25:08","2013-12-09 10:25:08","Complete"
"323","804","163","11","510.96","6","2008-11-15 14:04:13","2008-12-15 14:04:13","Complete"
"324","581","116","100","1280.58","7","1993-08-24 13:28:14","1993-09-24 13:28:14","Complete"
"325","980","48","198","1670.22","6","2001-02-23 00:53:15","2001-03-23 00:53:15","Complete"
"326","397","180","101","1494.92","4","1982-12-29 11:27:14","1983-01-26 11:27:14","Complete"
"327","428","50","165","0.0","0","1982-11-16 23:55:44","1982-12-16 23:55:44","Complete"
"328","629","108","123","60.42","3","1976-07-19 09:38:09","1976-08-19 09:38:09","Complete"
"329","378","191","84","4457.099999999999","10","1999-07-19 19:33:07","1999-08-19 19:33:07","Complete"
"330","881","64","111","3026.5199999999995","9","1989-11-05 04:22:41","1989-12-05 04:22:41","Complete"
"331","722","131","60","2010.9599999999998","7","1987-10-25 05:26:43","1987-11-25 05:26:43","Complete"
"332","706","146","72","738.15","5","2006-04-01 08:23:41","2006-05-01 08:23:41","Complete"
"333","12","24","24","1896.56","4","1979-04-10 03:30:46","1979-05-10 03:30:46","Complete"
"334","598","108","96","696.08","8","2004-09-15 14:47:12","2004-10-15 14:47:12","Complete"
"335","11","16","27","1822.94","7","1980-03-12 01:04:10","1980-04-12 01:04:10","Complete"
"336","794","22","193","4174.2","10","2004-04-19 10:32:42","2004-05-19 10:32:42","Complete"
"337","14","63","183","1099.98","7","1991-11-01 11:17:03","1991-12-01 11:17:03","Complete"
"338","819","66","3","2934.2699999999995","9","1977-07-21 12:03:25","1977-08-21 12:03:25","Complete"
"339","928","18","175","1574.32","8","1984-03-31 01:47:05","1984-04-28 01:47:05","Complete"
"340","851","46","37","2781.54","6","1994-02-26 21:29:02","1994-03-26 21:29:02","Complete"
"341","657","161","176","825.1","2","2011-04-16 18:48:59","2011-05-16 18:48:59","Complete"
"342","511","106","109","780.84","9","2017-09-14 18:12:53","2017-10-14 18:12:53","Complete"
"343","709","51","188","0.0","0","1986-09-17 07:25:15","1986-10-17 07:25:15","Complete"
"344","226","108","35","1955.17","7","1985-03-14 20:43:14","1985-04-14 20:43:14","Complete"
"345","796","68","157","333.12","3","1972-02-24 14:43:33","1972-03-24 14:43:33","Complete"
"346","7","41","54","0.0","0","1992-11-28 03:50:11","1992-12-28 03:50:11","Complete"
"347","641","181","143","318.84","4","1985-06-08 04:51:11","1985-07-08 04:51:11","Complete"
"348","239","18","52","645.96","3","1984-04-20 18:29:03","1984-05-20 18:29:03","Complete"
"349","367","71","184","156.02","1","1989-07-01 14:27:38","1989-08-01 14:27:38","Complete"
"350","95","3","134","239.04","8","2018-08-11 06:04:20","2018-09-11 06:04:20","Complete"
"351","164","121","181","0.0","0","2015-10-29 06:11:24","2015-11-26 06:11:24","Complete"
"352","697","197","134","2160.63","9","1977-07-11 22:34:27","1977-08-11 22:34:27","Complete"
"353","518","141","152","680.37","3","1983-05-02 16:51:29","1983-06-02 16:51:29","Complete"
"354","804","80","144","170.32","2","1975-02-18 01:59:24","1975-03-18 01:59:24","Complete"
"355","171","182","62","2192.2","10","2013-04-18 12:27:02","2013-05-18 12:27:02","Complete"
"356","49","92","198","0.0","0","1980-07-01 06:11:44","1980-08-01 06:11:44","Complete"
"357","55","162","145","90.53","1","1974-01-10 00:25:54","1974-02-10 00:25:54","Complete"
"358","154","97","115","722.3100000000001","3","2007-01-07 15:37:06","2007-02-07 15:37:06","Complete"
"359","228","135","49","227.54999999999998","3","1973-03-15 05:52:41","1973-04-15 05:52:41","Complete"
"360","49","154","177","348.52","2","2012-08-20 02:52:48","2012-09-20 02:52:48","Complete"
"361","624","104","139","637.5","5","2017-10-08 01:11:21","2017-11-08 01:11:21","Complete"
"362","681","13","140","2946.08","8","2001-09-20 13:35:30","2001-10-20 13:35:30","Complete"
"363","170","195","64","1055.97","3","1976-04-24 21:46:06","1976-05-24 21:46:06","Complete"
"364","37","144","198","230.94","1","1999-01-14 12:05:43","1999-02-14 12:05:43","Complete"
"365","19","14","46","0.0","0","1990-10-26 09:02:35","1990-11-26 09:02:35","Complete"
"366","820","87","98","790.71","3","2014-11-14 09:37:05","2014-12-14 09:37:05","Complete"
"367","713","126","150","223.13","1","1985-12-27 08:39:49","1986-01-27 08:39:49","Complete"
"368","148","139","21","4086.81","9","1977-04-27 23:56:14","1977-05-27 23:56:14","Complete"
"369","8","128","20","46.25","1","1982-06-06 12:14:04","1982-07-06 12:14:04","Complete"
"370","484","116","173","811.29","3","2015-04-03 19:03:13","2015-05-03 19:03:13","Complete"
"371","980","138","94","1113.48","4","1971-09-03 12:53:59","1971-10-03 12:53:59","Complete"
"372","787","37","11","2132.58","6","2017-12-12 13:36:49","2018-01-12 13:36:49","Complete"
"373","196","16","148","3330.09","9","2004-02-24 01:11:23","2004-03-24 01:11:23","Complete"
"374","470","57","69","1414.8500000000001","5","2018-12-06 11:32:37","2019-01-06 11:32:37","Complete"
"375","920","190","15","6.66","1","2011-01-03 13:41:57","2011-02-03 13:41:57","Complete"
"376","463","40","139","2408.04","9","2021-10-11 15:49:38","2021-11-11 15:49:38","Complete"
"377","473","51","5","203.35","1","2018-02-02 15:09:30","2018-03-02 15:09:30","Complete"
"378","473","136","89","1016.75","5","2004-06-17 20:43:38","2004-07-17 20:43:38","Complete"
"379","90","124","179","1065.48","4","2002-09-15 09:42:51","2002-10-15 09:42:51","Complete"
"380","334","15","22","2412.2000000000003","7","1972-02-22 09:41:20","1972-03-22 09:41:20","Complete"
"381","446","29","36","265.78","1","1978-10-29 18:19:08","1978-11-26 18:19:08","Complete"
"382","851","36","76","4172.3099999999995","9","2017-11-29 11:03:51","2017-12-26 11:03:51","Complete"
"383","497","120","76","771.36","4","1979-04-22 13:02:53","1979-05-22 13:02:53","Complete"
"384","582","12","177","1002.12","7","1985-10-02 04:51:46","1985-11-02 04:51:46","Complete"
"385","461","130","121","132.72","3","2000-11-05 14:50:54","2000-12-05 14:50:54","Complete"
"386","980","146","106","278.37","1","2006-02-11 04:51:20","2006-03-11 04:51:20","Complete"
"387","26","117","191","2637.46","7","1989-12-31 02:01:17","1990-01-28 02:01:17","Complete"
"388","418","10","90","2609.67","7","1998-06-29 18:13:46","1998-07-26 18:13:46","Complete"
"389","420","160","192","1194.15","3","1982-11-26 08:44:49","1982-12-26 08:44:49","Complete"
"390","831","94","90","1044.8","5","2021-04-03 22:30:54","2021-05-03 22:30:54","Complete"
"391","314","92","8","294.04","2","1994-07-31 03:37:03","1994-08-28 03:37:03","Complete"
"392","407","105","91","1810.8","8","2007-06-25 15:17:05","2007-07-25 15:17:05","Complete"
"393","993","102","12","2844.0","10","1974-03-04 06:25:14","1974-04-04 06:25:14","Complete"
"394","227","124","20","505.32","6","2013-12-05 17:21:12","2014-01-05 17:21:12","Complete"
"395","667","98","182","619.65","9","2000-03-22 21:52:22","2000-04-22 21:52:22","Complete"
"396","220","142","147","777.6","4","1987-01-01 18:36:23","1987-02-01 18:36:23","Complete"
"397","281","93","14","2688.0","7","2003-07-29 04:54:34","2003-08-26 04:54:34","Complete"
"398","197","124","177","746.1899999999999","3","2002-12-17 00:37:56","2003-01-17 00:37:56","Complete"
"399","662","151","72","915.48","4","1976-06-10 23:10:27","1976-07-10 23:10:27","Complete"
"400","792","69","19","862.74","6","2010-09-07 16:38:31","2010-10-07 16:38:31","Complete"
"401","666","168","179","306.1","1","2009-11-03 11:02:07","2009-12-03 11:02:07","Complete"
"402","667","156","103","68.85","1","1977-12-06 05:30:29","1978-01-06 05:30:29","Complete"
"403","262","77","6","3803.84","8","2006-11-24 07:14:47","2006-12-24 07:14:47","Complete"
"404","898","128","31","4838.5","10","2011-06-21 20:45:36","2011-07-21 20:45:36","Complete"
"405","987","99","93","3829.86","9","1976-08-28 11:33:58","1976-09-28 11:33:58","Complete"
"406","752","184","152","3142.1","10","1980-07-19 13:04:27","1980-08-19 13:04:27","Complete"
"407","952","123","177","986.28","6","1980-01-30 11:03:06","1980-02-27 11:03:06","Complete"
"408","471","158","103","2691.08","7","1997-09-28 08:11:20","1997-10-28 08:11:20","Complete"
"409","412","10","137","2405.25","9","2018-08-07 08:45:21","2018-09-07 08:45:21","Complete"
"410","228","182","102","530.9499999999999","7","2003-11-16 09:57:22","2003-12-16 09:57:22","Complete"
"411","81","10","31","2628.48","6","1993-08-23 11:29:41","1993-09-23 11:29:41","Complete"
"412","908","189","92","1282.05","7","1978-10-21 04:17:33","1978-11-21 04:17:33","Complete"
"413","80","54","159","1459.01","7","1997-10-26 02:11:38","1997-11-26 02:11:38","Complete"
"414","451","131","137","3257.5499999999997","9","1994-10-04 03:54:55","1994-11-04 03:54:55","Complete"
"415","64","144","100","1903.52","8","1970-11-18 11:40:10","1970-12-18 11:40:10","Complete"
"416","288","7","54","1265.95","5","2003-04-18 23:46:45","2003-05-18 23:46:45","Complete"
"417","838","155","85","2829.42","9","2009-03-27 04:59:13","2009-04-27 04:59:13","Complete"
"418","138","35","17","844.2","4","1999-11-25 08:54:15","1999-12-25 08:54:15","Complete"
"419","307","151","6","1939.5","10","2013-03-24 06:39:09","2013-04-24 06:39:09","Complete"
"420","945","126","192","617.4","10","1994-06-01 10:35:32","1994-07-01 10:35:32","Complete"
"421","145","51","194","291.6","5","1981-01-26 16:56:01","1981-02-26 16:56:01","Complete"
"422","22","119","151","2632.64","8","1986-06-11 21:53:04","1986-07-11 21:53:04","Complete"
"423","525","124","42","253.2","8","2012-09-14 05:16:29","2012-10-14 05:16:29","Complete"
"424","701","103","124","2683.7999999999997","7","1998-11-03 13:43:03","1998-12-03 13:43:03","Complete"
"425","426","61","30","259.19","1","1982-09-03 09:30:10","1982-10-03 09:30:10","Complete"
"426","84","92","91","297.16","1","1971-05-30 19:56:31","1971-06-27 19:56:31","Complete"
"427","737","119","68","613.0","10","1983-07-21 05:23:11","1983-08-21 05:23:11","Complete"
"428","690","67","154","0.0","0","2004-04-20 10:54:56","2004-05-20 10:54:56","Complete"
"429","931","121","114","3308.0","8","1989-09-15 15:47:36","1989-10-15 15:47:36","Complete"
"430","908","73","187","0.0","0","2002-01-29 04:00:12","2002-02-26 04:00:12","Complete"
"431","65","71","51","205.79999999999998","10","1982-08-19 04:50:18","1982-09-19 04:50:18","Complete"
"432","916","16","156","428.0","10","2018-07-31 01:30:33","2018-08-28 01:30:33","Complete"
"433","650","154","151","2205.1","10","1971-06-08 10:05:29","1971-07-08 10:05:29","Complete"
"434","399","40","158","2592.8999999999996","6","2021-09-14 04:14:30","2021-10-14 04:14:30","Complete"
"435","919","149","18","608.2","2","1985-10-03 14:53:00","1985-11-03 14:53:00","Complete"
"436","297","108","37","365.62","2","1986-06-16 01:49:51","1986-07-16 01:49:51","Complete"
"437","351","77","10","233.4","4","2012-07-01 03:02:13","2012-08-01 03:02:13","Complete"
"438","228","84","101","455.09999999999997","6","1983-03-22 05:16:37","1983-04-22 05:16:37","Complete"
"439","347","195","147","4918.0","10","1982-12-16 16:00:49","1983-01-16 16:00:49","Complete"
"440","985","68","182","3444.91","7","1987-01-28 01:21:34","1987-02-28 01:21:34","Complete"
"441","633","63","154","1104.69","3","1983-05-28 14:27:27","1983-06-28 14:27:27","Complete"
"442","483","22","25","2945.25","9","1975-10-02 11:38:03","1975-11-02 11:38:03","Complete"
"443","329","5","22","2807.28","9","1981-01-27 18:47:10","1981-02-27 18:47:10","Complete"
"444","546","79","102","137.37","3","1987-07-18 12:10:06","1987-08-18 12:10:06","Complete"
"445","845","33","86","184.45000000000002","7","2012-05-27 14:36:46","2012-06-27 14:36:46","Complete"
"446","162","122","189","3335.68","8","1976-04-19 01:03:06","1976-05-19 01:03:06","Complete"
"447","39","101","131","238.38","3","2002-07-18 02:20:30","2002-08-18 02:20:30","Complete"
"448","327","122","80","3252.96","8","1980-05-30 13:30:00","1980-06-27 13:30:00","Complete"
"449","773","51","89","0.0","0","1984-08-21 09:30:23","1984-09-21 09:30:23","Complete"
"450","172","17","129","752.84","2","1994-01-16 04:34:26","1994-02-16 04:34:26","Complete"
"451","584","83","164","1778.7","5","2012-11-17 11:27:41","2012-12-17 11:27:41","Complete"
"452","93","78","119","50.71","1","1991-11-15 23:37:17","1991-12-15 23:37:17","Complete"
"453","921","95","157","1624.5","10","1970-09-19 18:59:15","1970-10-19 18:59:15","Complete"
"454","139","70","150","0.0","0","2001-12-29 18:13:49","2002-01-26 18:13:49","Complete"
"455","603","163","188","484.32","2","2003-02-16 12:57:55","2003-03-16 12:57:55","Complete"
"456","438","161","176","0.0","0","2013-11-09 00:39:37","2013-12-09 00:39:37","Complete"
"457","209","7","124","73.56","4","1991-10-24 10:57:24","1991-11-24 10:57:24","Complete"
"458","51","76","149","1446.96","4","2015-01-01 23:42:41","2015-02-01 23:42:41","Complete"
"459","782","96","68","3430.8","8","1998-09-17 15:12:41","1998-10-17 15:12:41","Complete"
"460","21","104","197","0.0","0","1992-03-11 10:54:00","1992-04-11 10:54:00","Complete"
"461","585","53","87","0.0","0","1999-02-07 11:06:51","1999-03-07 11:06:51","Complete"
"462","795","112","131","3198.87","9","1982-08-09 11:43:42","1982-09-09 11:43:42","Complete"
"463","356","94","176","488.1","1","2008-04-10 08:45:39","2008-05-10 08:45:39","Complete"
"464","829","160","146","291.76","4","2006-11-09 12:24:36","2006-12-09 12:24:36","Complete"
"465","799","45","188","1448.82","6","1980-12-27 23:28:25","1981-01-27 23:28:25","Complete"
"466","789","84","173","1668.12","6","2009-10-29 01:37:48","2009-11-26 01:37:48","Complete"
"467","711","198","11","1806.0","6","1978-10-30 11:21:41","1978-11-27 11:21:41","Complete"
"468","367","11","153","936.1200000000001","6","1986-07-26 04:06:24","1986-08-26 04:06:24","Complete"
"469","727","17","70","125.32","4","2007-11-21 09:16:43","2007-12-21 09:16:43","Complete"
"470","135","105","85","1080.75","3","1974-06-07 04:58:42","1974-07-07 04:58:42","Complete"
"471","185","156","81","305.92","4","2011-10-04 01:21:14","2011-11-04 01:21:14","Complete"
"472","360","146","64","526.32","2","1994-08-27 15:09:37","1994-09-27 15:09:37","Complete"
"473","927","19","180","2002.4","4","1975-11-24 06:03:17","1975-12-24 06:03:17","Complete"
"474","244","78","169","989.5","2","1991-06-22 15:44:19","1991-07-22 15:44:19","Complete"
"475","691","90","146","2367.0","5","2007-03-11 19:07:02","2007-04-11 19:07:02","Complete"
"476","638","186","77","1081.1999999999998","6","2010-11-17 03:39:13","2010-12-17 03:39:13","Complete"
"477","59","129","63","487.52","4","2020-02-10 10:05:08","2020-03-10 10:05:08","Complete"
"478","147","84","143","1055.8799999999999","3","1970-06-22 05:21:02","1970-07-22 05:21:02","Complete"
"479","904","180","14","3623.52","8","1997-07-06 10:52:46","1997-08-06 10:52:46","Complete"
"480","881","80","41","1681.3999999999999","5","1992-08-11 22:43:20","1992-09-11 22:43:20","Complete"
"481","509","81","69","2632.24","8","1992-11-18 17:15:14","1992-12-18 17:15:14","Complete"
"482","640","17","171","1080.81","9","2011-11-04 03:29:05","2011-12-04 03:29:05","Complete"
"483","860","80","101","438.41999999999996","6","1993-05-11 20:03:50","1993-06-11 20:03:50","Complete"
"484","691","55","66","0.0","0","1984-12-04 20:29:36","1985-01-04 20:29:36","Complete"
"485","966","3","121","2155.86","7","2010-08-26 07:03:02","2010-09-26 07:03:02","Complete"
"486","911","69","173","1668.5099999999998","9","1992-06-10 15:51:29","1992-07-10 15:51:29","Complete"
"487","610","164","180","1566.48","8","1988-03-04 14:32:08","1988-04-04 14:32:08","Complete"
"488","614","49","100","2012.99","7","1999-05-19 05:42:12","1999-06-19 05:42:12","Complete"
"489","626","149","25","0.0","0","1979-06-22 22:50:41","1979-07-22 22:50:41","Complete"
"490","595","44","89","1160.16","3","1994-03-09 16:24:23","1994-04-09 16:24:23","Complete"
"491","644","132","109","1722.96","4","2014-02-12 11:40:42","2014-03-12 11:40:42","Complete"
"492","368","136","196","995.18","2","2004-07-21 10:04:51","2004-08-21 10:04:51","Complete"
"493","362","61","171","701.08","4","2014-07-22 11:47:17","2014-08-22 11:47:17","Complete"
"494","882","95","185","169.99","1","1972-05-06 04:42:17","1972-06-06 04:42:17","Complete"
"495","897","18","100","1642.75","5","1990-07-02 10:25:23","1990-08-02 10:25:23","Complete"
"496","979","149","30","616.44","4","2005-04-23 07:44:11","2005-05-23 07:44:11","Complete"
"497","808","193","106","113.56","4","1996-08-02 03:09:29","1996-09-02 03:09:29","Complete"
"498","413","131","106","369.33","1","2014-10-12 00:20:23","2014-11-12 00:20:23","Complete"
"499","205","123","182","3179.7000000000003","9","1999-01-02 05:28:06","1999-02-02 05:28:06","Complete"
"500","157","154","113","1934.04","4","2018-02-15 00:17:46","2018-03-15 00:17:46","Complete"
"501","484","169","103","1893.01","7","1991-06-01 23:49:57","1991-07-01 23:49:57","Complete"
"502","586","68","45","0.0","0","1993-12-11 18:12:41","1994-01-11 18:12:41","Complete"
"503","948","103","182","71.7","10","2016-04-13 11:08:53","2016-05-13 11:08:53","Complete"
"504","972","133","148","1334.79","9","2020-06-25 18:40:19","2020-07-25 18:40:19","Complete"
"505","518","181","199","2267.9","10","2008-03-30 15:05:52","2008-04-27 15:05:52","Complete"
"506","192","30","66","773.0500000000001","5","1974-03-21 06:31:00","1974-04-21 06:31:00","Complete"
"507","805","164","4","144.88","2","1995-04-07 07:01:34","1995-05-07 07:01:34","Complete"
"508","43","143","37","85.12","7","1988-12-09 13:20:33","1989-01-09 13:20:33","Complete"
"509","833","171","10","58.47","3","1992-05-25 19:44:00","1992-06-25 19:44:00","Complete"
"510","534","30","99","159.12","6","2011-09-04 03:43:26","2011-10-04 03:43:26","Complete"
"511","233","13","39","1693.3200000000002","6","2012-03-28 02:54:07","2012-04-28 02:54:07","Complete"
"512","188","63","10","3219.21","9","1996-03-23 00:09:08","1996-04-23 00:09:08","Complete"
"513","246","8","51","1958.88","8","2021-11-18 21:20:56","2021-12-18 21:20:56","Incomplete"
"514","844","137","86","2841.2","8","2008-05-19 11:12:12","2008-06-19 11:12:12","Complete"
"515","489","42","154","2603.52","8","1990-03-14 05:01:14","1990-04-14 05:01:14","Complete"
"516","953","143","85","786.8","2","2018-08-09 04:26:41","2018-09-09 04:26:41","Complete"
"517","925","141","163","1652.6","4","2019-06-21 08:33:37","2019-07-21 08:33:37","Complete"
"518","442","86","161","706.14","3","1977-11-19 18:27:30","1977-12-19 18:27:30","Complete"
"519","258","139","187","539.91","9","1988-01-29 23:19:59","1988-02-26 23:19:59","Complete"
"520","645","154","161","1504.0","4","1970-06-18 02:14:47","1970-07-18 02:14:47","Complete"
"521","270","48","143","2292.2400000000002","6","2013-06-23 13:15:34","2013-07-23 13:15:34","Complete"
"522","889","19","107","0.0","0","1990-03-21 23:34:54","1990-04-21 23:34:54","Complete"
"523","809","177","71","2230.48","8","2019-06-15 03:43:53","2019-07-15 03:43:53","Complete"
"524","66","137","38","0.0","0","1998-08-31 08:14:50","1998-09-28 08:14:50","Complete"
"525","494","152","81","4231.53","9","1994-12-27 18:28:15","1995-01-27 18:28:15","Complete"
"526","341","133","6","18.04","1","2020-02-24 07:00:21","2020-03-24 07:00:21","Complete"
"527","228","153","132","75.85","1","2021-02-25 05:21:18","2021-03-25 05:21:18","Complete"
"528","169","45","41","1232.8","5","1976-01-26 03:31:21","1976-02-26 03:31:21","Complete"
"529","793","102","192","119.64","2","1973-08-17 02:36:46","1973-09-17 02:36:46","Complete"
"530","353","92","130","2574.7200000000003","6","2014-05-27 15:28:21","2014-06-27 15:28:21","Complete"
"531","805","100","30","289.76","4","2002-07-13 03:13:26","2002-08-13 03:13:26","Complete"
"532","869","85","170","3969.18","9","2007-04-28 08:43:19","2007-05-28 08:43:19","Complete"
"533","948","94","139","43.019999999999996","6","2005-05-09 20:54:02","2005-06-09 20:54:02","Complete"
"534","202","130","44","725.12","8","1979-08-11 06:51:04","1979-09-11 06:51:04","Complete"
"535","361","117","35","1947.55","5","1996-09-24 01:41:06","1996-10-24 01:41:06","Complete"
"536","158","49","187","709.52","2","2005-02-21 01:23:03","2005-03-21 01:23:03","Complete"
"537","540","91","47","2408.6299999999997","7","1998-04-27 13:16:52","1998-05-27 13:16:52","Complete"
"538","366","89","153","365.4","5","1984-11-30 19:29:37","1984-12-27 19:29:37","Complete"
"539","300","57","116","5.64","3","1980-06-28 07:50:11","1980-07-28 07:50:11","Complete"
"540","659","0","148","555.44","8","1987-09-11 22:17:50","1987-10-11 22:17:50","Complete"
"541","282","136","121","996.66","9","1977-01-10 23:28:53","1977-02-10 23:28:53","Complete"
"542","534","152","75","238.68","9","1986-08-10 11:34:42","1986-09-10 11:34:42","Complete"
"543","48","143","35","2457.42","7","1999-06-08 19:31:32","1999-07-08 19:31:32","Complete"
"544","57","164","84","2628.4500000000003","9","2018-08-31 12:11:14","2018-09-28 12:11:14","Complete"
"545","997","145","104","4822.099999999999","10","1975-11-22 16:15:12","1975-12-22 16:15:12","Complete"
"546","143","173","20","313.2","5","2014-10-05 09:49:51","2014-11-05 09:49:51","Complete"
"547","427","122","77","320.76","6","1982-09-15 18:06:43","1982-10-15 18:06:43","Complete"
"548","754","64","102","2252.7000000000003","5","1995-12-12 13:08:00","1996-01-12 13:08:00","Complete"
"549","47","53","68","0.0","0","1991-02-04 19:56:10","1991-03-04 19:56:10","Complete"
"550","634","40","157","409.18","1","1987-10-02 19:50:32","1987-11-02 19:50:32","Complete"
"551","807","1","96","1613.46","6","2016-08-26 16:33:15","2016-09-26 16:33:15","Complete"
"552","98","131","163","4240.4400000000005","9","1987-07-05 20:48:38","1987-08-05 20:48:38","Complete"
"553","911","147","15","741.56","4","2004-02-10 19:20:19","2004-03-10 19:20:19","Complete"
"554","30","85","175","510.09999999999997","10","2017-12-27 09:00:28","2018-01-27 09:00:28","Complete"
"555","804","65","6","170.32","2","1970-05-13 04:52:04","1970-06-13 04:52:04","Complete"
"556","702","84","5","435.18","6","1996-05-19 00:57:00","1996-06-19 00:57:00","Complete"
"557","485","28","166","789.8","2","2005-05-03 04:00:43","2005-06-03 04:00:43","Complete"
"558","792","65","187","862.74","6","2000-02-11 06:24:04","2000-03-11 06:24:04","Complete"
"559","535","103","161","3369.94","7","2014-04-03 18:39:18","2014-05-03 18:39:18","Complete"
"560","995","129","55","0.0","0","1981-04-21 11:18:18","1981-05-21 11:18:18","Complete"
"561","715","44","174","756.98","2","2001-04-23 21:18:10","2001-05-23 21:18:10","Complete"
"562","590","162","130","0.0","0","2016-06-27 13:50:02","2016-07-27 13:50:02","Complete"
"563","330","128","86","99.66","1","2018-03-28 16:50:27","2018-04-28 16:50:27","Complete"
"564","178","129","5","697.27","7","1991-10-27 08:53:25","1991-11-27 08:53:25","Complete"
"565","860","38","69","657.6299999999999","9","2017-03-14 03:04:30","2017-04-14 03:04:30","Complete"
"566","722","146","170","574.56","2","1979-01-18 18:19:01","1979-02-18 18:19:01","Complete"
"567","372","34","39","283.7","1","1972-07-17 18:55:59","1972-08-17 18:55:59","Complete"
"568","692","52","72","0.0","0","2009-08-22 08:54:07","2009-09-22 08:54:07","Complete"
"569","493","37","24","0.0","0","1975-12-25 18:50:36","1976-01-25 18:50:36","Complete"
"570","303","113","168","354.14","1","1981-05-09 20:24:57","1981-06-09 20:24:57","Complete"
"571","272","174","85","0.0","0","1983-12-12 18:54:54","1984-01-12 18:54:54","Complete"
"572","422","44","166","27.37","1","2012-06-07 16:36:30","2012-07-07 16:36:30","Complete"
"573","206","61","2","309.33","9","1971-04-23 23:51:18","1971-05-23 23:51:18","Complete"
"574","986","116","151","1895.1000000000001","6","1970-06-16 12:36:34","1970-07-16 12:36:34","Complete"
"575","281","79","176","1152.0","3","1975-03-05 04:46:55","1975-04-05 04:46:55","Complete"
"576","652","176","62","1715.58","6","1979-04-28 00:34:20","1979-05-28 00:34:20","Complete"
"577","669","106","134","496.54","2","1979-10-05 10:21:57","1979-11-05 10:21:57","Complete"
"578","91","83","89","2175.0","5","1978-10-07 13:48:02","1978-11-07 13:48:02","Complete"
"579","557","114","168","1953.48","4","2014-04-28 20:14:59","2014-05-28 20:14:59","Complete"
"580","442","135","156","1647.6599999999999","7","2010-08-29 06:37:42","2010-09-26 06:37:42","Complete"
"581","503","109","176","3918.08","8","2019-12-01 21:26:59","2020-01-01 21:26:59","Complete"
"582","130","155","109","936.1","10","1982-09-11 02:03:15","1982-10-11 02:03:15","Complete"
"583","245","158","122","1226.28","6","1999-02-07 00:48:40","1999-03-07 00:48:40","Complete"
"584","820","12","128","1844.99","7","1981-04-07 15:09:57","1981-05-07 15:09:57","Complete"
"585","620","10","29","2205.7200000000003","9","1993-02-26 06:58:10","1993-03-26 06:58:10","Complete"
"586","273","186","51","545.85","5","1994-04-29 06:49:56","1994-05-26 06:49:56","Complete"
"587","518","67","176","1360.74","6","1971-02-27 14:31:06","1971-03-27 14:31:06","Complete"
"588","77","28","179","0.0","0","1972-03-10 10:21:21","1972-04-10 10:21:21","Complete"
"589","378","36","17","445.71","1","1976-12-04 02:55:43","1977-01-04 02:55:43","Complete"
"590","79","133","129","629.6500000000001","5","2009-08-26 06:17:33","2009-09-26 06:17:33","Complete"
"591","358","134","171","963.54","9","2006-11-28 06:56:35","2006-12-28 06:56:35","Complete"
"592","344","28","57","169.42","2","1976-02-23 20:11:42","1976-03-23 20:11:42","Complete"
"593","907","148","39","396.96","4","1972-03-01 02:32:18","1972-04-01 02:32:18","Complete"
"594","203","160","148","2904.2000000000003","10","1995-02-16 09:17:52","1995-03-16 09:17:52","Complete"
"595","379","134","190","1447.04","7","1973-04-06 09:41:42","1973-05-06 09:41:42","Complete"
"596","196","160","92","740.02","2","1981-06-10 19:43:50","1981-07-10 19:43:50","Complete"
"597","295","72","156","85.34","2","1974-09-25 09:00:57","1974-10-25 09:00:57","Complete"
"598","146","157","107","3622.88","8","1987-11-08 00:00:12","1987-12-08 00:00:12","Complete"
"599","21","83","14","0.0","0","1992-09-27 18:23:56","1992-10-27 18:23:56","Complete"
"600","153","96","175","2485.7999999999997","9","1994-04-12 05:24:11","1994-05-12 05:24:11","Complete"
"601","692","37","171","2761.92","8","1987-11-17 20:29:49","1987-12-17 20:29:49","Complete"
"602","596","120","38","17.72","2","2008-11-30 01:57:37","2008-12-27 01:57:37","Complete"
"603","557","77","101","488.37","1","1973-01-20 05:10:24","1973-02-20 05:10:24","Complete"
"604","278","162","58","647.24","2","1971-11-17 03:08:48","1971-12-17 03:08:48","Complete"
"605","195","13","90","1106.52","6","1970-02-15 05:02:08","1970-03-15 05:02:08","Complete"
"606","524","5","57","579.66","3","2012-02-25 19:21:18","2012-03-25 19:21:18","Complete"
"607","627","108","3","803.07","9","1981-07-29 21:25:16","1981-08-26 21:25:16","Complete"
"608","583","149","167","2040.75","9","2012-04-05 07:31:28","2012-05-05 07:31:28","Complete"
"609","966","106","33","1539.9","5","2013-03-17 01:52:42","2013-04-17 01:52:42","Complete"
"610","872","63","119","954.32","8","1995-09-08 05:30:18","1995-10-08 05:30:18","Complete"
"611","169","11","159","246.56","1","1982-11-23 03:32:35","1982-12-23 03:32:35","Complete"
"612","355","60","57","2344.32","9","1975-12-23 00:51:38","1976-01-23 00:51:38","Complete"
"613","179","151","161","1221.1","10","1982-06-06 11:36:35","1982-07-06 11:36:35","Complete"
"614","119","5","109","1509.3","9","1973-12-17 02:49:09","1974-01-17 02:49:09","Complete"
"615","149","177","184","757.72","4","2017-03-18 00:57:23","2017-04-18 00:57:23","Complete"
"616","557","40","89","3418.59","7","2015-12-04 02:12:12","2016-01-04 02:12:12","Complete"
"617","603","26","163","1937.28","8","2015-08-22 22:59:41","2015-09-22 22:59:41","Complete"
"618","886","50","198","248.71","7","1993-03-16 20:13:43","1993-04-16 20:13:43","Complete"
"619","212","12","159","3995.52","8","2009-07-13 22:24:55","2009-08-13 22:24:55","Complete"
"620","32","141","24","491.03","1","1999-06-20 18:33:38","1999-07-20 18:33:38","Complete"
"621","618","198","115","1004.64","6","1993-11-07 19:18:16","1993-12-07 19:18:16","Complete"
"622","818","137","38","975.6600000000001","6","1970-12-12 06:03:53","1971-01-12 06:03:53","Complete"
"623","95","59","193","239.04","8","1993-05-21 15:27:26","1993-06-21 15:27:26","Complete"
"624","336","60","115","486.02","2","2021-05-24 03:05:32","2021-06-24 03:05:32","Complete"
"625","584","117","158","1422.96","4","1983-04-05 17:16:48","1983-05-05 17:16:48","Complete"
"626","238","125","88","388.65000000000003","3","1986-06-02 16:54:48","1986-07-02 16:54:48","Complete"
"627","476","187","199","1152.0","4","1984-07-11 22:56:45","1984-08-11 22:56:45","Complete"
"628","26","94","58","0.0","0","2013-05-06 07:10:54","2013-06-06 07:10:54","Complete"
"629","294","42","105","618.66","3","1984-02-01 02:57:08","1984-03-01 02:57:08","Complete"
"630","104","117","38","2258.1000000000004","6","1983-08-07 15:12:06","1983-09-07 15:12:06","Complete"
"631","322","118","184","1223.55","5","1982-02-08 08:28:17","1982-03-08 08:28:17","Complete"
"632","987","165","40","425.54","1","1987-05-17 12:10:36","1987-06-17 12:10:36","Complete"
"633","96","10","85","0.0","0","1984-08-21 22:55:41","1984-09-21 22:55:41","Complete"
"634","50","11","149","0.0","0","1981-05-29 03:09:03","1981-06-26 03:09:03","Complete"
"635","620","154","172","1715.5600000000002","7","1997-05-04 10:32:01","1997-06-04 10:32:01","Complete"
"636","105","176","87","397.02","2","2002-08-09 07:50:57","2002-09-09 07:50:57","Complete"
"637","295","55","117","298.69","7","2016-08-10 00:21:17","2016-09-10 00:21:17","Complete"
"638","227","75","68","842.2","10","1986-03-13 14:36:12","1986-04-13 14:36:12","Complete"
"639","659","45","180","277.72","4","1996-03-03 04:13:49","1996-04-03 04:13:49","Complete"
"640","599","85","199","501.1","2","1972-09-28 23:01:00","1972-10-28 23:01:00","Complete"
"641","25","79","154","1434.4","8","2002-12-21 20:34:00","2003-01-21 20:34:00","Complete"
"642","329","167","38","623.84","2","2014-10-09 07:23:53","2014-11-09 07:23:53","Complete"
"643","732","164","148","906.0","8","1996-03-27 02:33:11","1996-04-27 02:33:11","Complete"
"644","586","131","146","417.08","2","1983-03-03 12:41:50","1983-04-03 12:41:50","Complete"
"645","293","109","6","592.48","8","1981-05-18 09:56:07","1981-06-18 09:56:07","Complete"
"646","322","65","181","489.42","2","1972-04-11 16:59:28","1972-05-11 16:59:28","Complete"
"647","122","174","15","291.98","2","2016-06-05 09:00:40","2016-07-05 09:00:40","Complete"
"648","98","135","77","4711.6","10","1976-06-10 08:14:21","1976-07-10 08:14:21","Complete"
"649","502","67","52","1552.8","4","2016-09-13 07:00:14","2016-10-13 07:00:14","Complete"
"650","790","134","55","617.04","8","2011-10-30 08:20:38","2011-11-27 08:20:38","Complete"
"651","607","13","52","3912.9","10","2010-10-20 21:31:48","2010-11-20 21:31:48","Complete"
"652","244","55","18","2473.75","5","2010-10-25 08:43:25","2010-11-25 08:43:25","Complete"
"653","137","82","170","1485.06","6","2004-08-16 10:21:41","2004-09-16 10:21:41","Complete"
"654","332","125","146","2653.2000000000003","9","1981-03-18 07:34:49","1981-04-18 07:34:49","Complete"
"655","574","166","132","1653.66","9","2004-09-07 13:50:08","2004-10-07 13:50:08","Complete"
"656","876","185","71","2181.8999999999996","6","2007-05-22 04:09:14","2007-06-22 04:09:14","Complete"
"657","123","131","71","548.6999999999999","10","2015-05-07 04:26:21","2015-06-07 04:26:21","Complete"
"658","483","71","170","1963.5","6","2014-04-30 17:15:34","2014-05-27 17:15:34","Complete"
"659","698","7","95","268.08","8","1983-03-24 07:17:51","1983-04-24 07:17:51","Complete"
"660","311","69","5","1.68","4","1999-10-12 05:17:06","1999-11-12 05:17:06","Complete"
"661","11","66","91","2083.36","8","1992-02-29 11:36:14","1992-03-26 11:36:14","Complete"
"662","168","131","186","1058.1999999999998","10","2016-05-21 23:13:19","2016-06-21 23:13:19","Complete"
"663","7","120","18","920.3700000000001","3","1979-02-24 00:18:08","1979-03-24 00:18:08","Complete"
"664","255","103","86","72.46","2","1989-10-03 04:38:24","1989-11-03 04:38:24","Complete"
"665","97","82","132","655.8","10","2020-05-05 07:50:30","2020-06-05 07:50:30","Complete"
"666","816","74","52","1691.15","5","2004-10-09 21:04:10","2004-11-09 21:04:10","Complete"
"667","104","131","196","0.0","0","1984-03-16 13:43:09","1984-04-16 13:43:09","Complete"
"668","660","152","4","337.0","10","2000-06-30 23:51:48","2000-07-27 23:51:48","Complete"
"669","211","196","77","808.7","10","2012-04-07 11:57:21","2012-05-07 11:57:21","Complete"
"670","192","95","141","773.0500000000001","5","2010-12-16 11:48:12","2011-01-16 11:48:12","Complete"
"671","451","50","129","1447.8","4","1995-11-19 09:44:44","1995-12-19 09:44:44","Complete"
"672","986","66","40","2526.8","8","2016-08-22 17:28:16","2016-09-22 17:28:16","Complete"
"673","177","70","176","230.64","1","2013-09-19 15:29:38","2013-10-19 15:29:38","Complete"
"674","517","157","23","626.5","7","2002-07-15 10:41:13","2002-08-15 10:41:13","Complete"
"675","590","75","129","670.86","6","2017-05-17 02:01:30","2017-06-17 02:01:30","Complete"
"676","117","21","34","647.91","3","1986-06-23 07:25:32","1986-07-23 07:25:32","Complete"
"677","878","114","63","303.21","1","1998-04-19 18:59:29","1998-05-19 18:59:29","Complete"
"678","854","178","115","81.17","1","1973-06-14 20:13:45","1973-07-14 20:13:45","Complete"
"679","71","181","90","2058.98","7","1983-12-31 18:25:10","1984-01-28 18:25:10","Complete"
"680","201","110","174","2959.5","10","1980-03-07 23:15:17","1980-04-07 23:15:17","Complete"
"681","632","56","79","2878.4","7","1995-03-02 19:13:52","1995-04-02 19:13:52","Complete"
"682","80","32","13","416.86","2","2009-06-05 08:42:22","2009-07-05 08:42:22","Complete"
"683","167","52","85","0.0","0","1996-11-28 01:15:33","1996-12-28 01:15:33","Complete"
"684","919","100","53","1520.5","5","1995-07-20 14:32:04","1995-08-20 14:32:04","Complete"
"685","636","145","112","361.46","1","2016-03-12 09:24:49","2016-04-12 09:24:49","Complete"
"686","519","152","43","252.07","7","2006-08-06 22:20:56","2006-09-06 22:20:56","Complete"
"687","915","179","54","4015.62","9","1983-06-17 09:07:08","1983-07-17 09:07:08","Complete"
"688","540","164","188","344.09","1","2021-06-19 03:55:45","2021-07-19 03:55:45","Complete"
"689","921","130","126","974.6999999999999","6","1973-12-10 21:18:19","1974-01-10 21:18:19","Complete"
"690","721","187","165","1596.64","4","1984-06-15 01:35:50","1984-07-15 01:35:50","Complete"
"691","59","147","197","0.0","0","2010-09-20 17:00:45","2010-10-20 17:00:45","Complete"
"692","94","74","94","1474.4099999999999","7","1996-02-06 20:06:46","1996-03-06 20:06:46","Complete"
"693","14","167","99","628.56","4","1973-11-22 07:31:08","1973-12-22 07:31:08","Complete"
"694","614","48","107","2875.7","10","2007-11-04 22:52:01","2007-12-04 22:52:01","Complete"
"695","109","107","145","629.3700000000001","9","1993-12-21 04:36:45","1994-01-21 04:36:45","Complete"
"696","316","122","27","785.28","6","2011-01-30 03:54:00","2011-02-27 03:54:00","Complete"
"697","111","58","76","3817.17","9","1996-12-12 17:14:18","1997-01-12 17:14:18","Complete"
"698","0","66","80","285.76","8","1992-06-14 07:07:01","1992-07-14 07:07:01","Complete"
"699","222","50","38","1357.68","4","1970-04-21 08:01:59","1970-05-21 08:01:59","Complete"
"700","0","73","88","107.16","3","2015-09-10 20:49:25","2015-10-10 20:49:25","Complete"
"701","452","147","120","2974.0","10","1989-05-05 05:19:36","1989-06-05 05:19:36","Complete"
"702","459","9","97","3400.53","7","2006-01-09 03:41:25","2006-02-09 03:41:25","Complete"
"703","557","125","165","0.0","0","1973-11-08 13:06:45","1973-12-08 13:06:45","Complete"
"704","196","61","72","0.0","0","1991-09-09 20:55:10","1991-10-09 20:55:10","Complete"
"705","601","168","119","3792.48","8","1985-12-15 00:32:55","1986-01-15 00:32:55","Complete"
"706","349","90","83","1080.96","8","2015-10-02 11:03:47","2015-11-02 11:03:47","Complete"
"707","904","8","111","3170.58","7","1985-02-26 20:22:16","1985-03-26 20:22:16","Complete"
"708","617","54","165","32.94","1","1974-03-10 19:28:22","1974-04-10 19:28:22","Complete"
"709","587","8","64","0.0","0","2020-01-04 14:44:07","2020-02-04 14:44:07","Complete"
"710","319","187","23","880.44","2","1995-05-03 05:33:11","1995-06-03 05:33:11","Complete"
"711","447","176","115","2872.72","8","1982-09-06 00:29:08","1982-10-06 00:29:08","Complete"
"712","498","45","101","2680.2","6","1999-04-25 21:38:18","1999-05-25 21:38:18","Complete"
"713","576","23","32","3793.3999999999996","10","1979-01-22 00:49:16","1979-02-22 00:49:16","Complete"
"714","215","139","160","1610.2","10","2002-03-21 15:39:13","2002-04-21 15:39:13","Complete"
"715","508","176","40","74.4","1","2011-10-09 01:10:34","2011-11-09 01:10:34","Complete"
"716","218","13","116","4683.7","10","2004-09-02 13:23:02","2004-10-02 13:23:02","Complete"
"717","174","36","144","2211.48","6","1972-10-31 21:13:47","1972-11-28 21:13:47","Complete"
"718","796","198","167","0.0","0","1970-10-30 06:42:12","1970-11-27 06:42:12","Complete"
"719","239","114","140","1937.8799999999999","9","1995-04-22 02:17:14","1995-05-22 02:17:14","Complete"
"720","869","54","62","1323.06","3","2020-11-01 13:20:08","2020-12-01 13:20:08","Complete"
"721","592","18","168","166.71","1","1988-05-09 01:00:30","1988-06-09 01:00:30","Complete"
"722","482","165","23","586.52","2","1972-06-10 22:17:38","1972-07-10 22:17:38","Complete"
"723","790","192","89","385.65","5","1980-09-01 23:56:52","1980-10-01 23:56:52","Complete"
"724","608","172","10","170.99","1","1984-03-23 19:31:19","1984-04-23 19:31:19","Complete"
"725","276","122","143","2658.7799999999997","6","1986-10-12 12:35:55","1986-11-12 12:35:55","Complete"
"726","853","27","96","776.64","3","1995-07-23 20:14:45","1995-08-23 20:14:45","Complete"
"727","71","82","73","2058.98","7","1977-03-28 12:41:34","1977-04-28 12:41:34","Complete"
"728","590","164","52","782.6700000000001","7","2002-09-14 12:33:11","2002-10-14 12:33:11","Complete"
"729","227","136","74","505.32","6","1977-11-19 07:07:24","1977-12-19 07:07:24","Complete"
"730","52","184","119","458.07","3","1988-08-31 10:15:23","1988-09-28 10:15:23","Complete"
"731","969","195","113","989.92","2","2005-02-10 00:06:37","2005-03-10 00:06:37","Complete"
"732","974","13","73","980.72","4","2016-04-15 01:11:21","2016-05-15 01:11:21","Complete"
"733","182","111","88","1608.6","4","2011-12-02 04:56:51","2012-01-02 04:56:51","Complete"
"734","895","22","183","708.42","6","2000-02-29 08:07:14","2000-03-26 08:07:14","Complete"
"735","986","6","87","2842.65","9","1970-09-11 16:57:14","1970-10-11 16:57:14","Complete"
"736","350","49","136","642.66","2","2000-07-16 02:35:54","2000-08-16 02:35:54","Complete"
"737","366","28","35","292.32","4","1997-04-11 22:38:45","1997-05-11 22:38:45","Complete"
"738","166","146","27","464.02","1","1982-10-16 06:35:01","1982-11-16 06:35:01","Complete"
"739","510","38","17","191.04","3","1990-06-13 16:28:15","1990-07-13 16:28:15","Complete"
"740","641","133","6","318.84","4","2013-11-05 06:27:30","2013-12-05 06:27:30","Complete"
"741","4","168","181","0.0","0","2009-06-22 06:53:54","2009-07-22 06:53:54","Complete"
"742","99","148","8","3562.0","8","1972-03-22 08:05:43","1972-04-22 08:05:43","Complete"
"743","381","176","157","1655.5","7","1999-02-01 05:37:58","1999-03-01 05:37:58","Complete"
"744","625","56","41","3425.52","8","2018-03-06 00:51:12","2018-04-06 00:51:12","Complete"
"745","290","14","196","1858.4","4","1979-10-21 22:32:45","1979-11-21 22:32:45","Complete"
"746","300","80","175","13.16","7","1993-08-28 06:53:42","1993-09-28 06:53:42","Complete"
"747","726","135","35","184.62","1","2004-01-20 15:56:30","2004-02-20 15:56:30","Complete"
"748","986","168","41","2210.9500000000003","7","2020-04-03 23:29:45","2020-05-03 23:29:45","Complete"
"749","991","78","161","4424.0","10","2002-11-01 00:43:03","2002-12-01 00:43:03","Complete"
"750","893","51","136","0.0","0","1980-05-07 23:30:56","1980-06-07 23:30:56","Complete"
"751","43","85","80","109.44","9","2001-05-10 02:21:34","2001-06-10 02:21:34","Complete"
"752","168","64","186","317.46","3","1985-09-23 23:27:44","1985-10-23 23:27:44","Complete"
"753","249","11","120","719.5999999999999","5","2002-01-13 07:39:59","2002-02-13 07:39:59","Complete"
"754","465","112","118","51.8","2","1978-03-27 08:31:09","1978-04-27 08:31:09","Complete"
"755","345","126","157","1037.91","3","1975-05-14 10:40:47","1975-06-14 10:40:47","Complete"
"756","49","102","52","0.0","0","2011-04-27 00:41:09","2011-05-27 00:41:09","Complete"
"757","89","56","106","633.98","2","1991-03-06 06:54:40","1991-04-06 06:54:40","Complete"
"758","819","50","23","1630.1499999999999","5","1973-07-10 07:20:08","1973-08-10 07:20:08","Complete"
"759","839","36","45","0.0","0","1985-07-29 14:11:02","1985-08-26 14:11:02","Complete"
"760","517","74","115","358.0","4","2019-01-16 13:40:23","2019-02-16 13:40:23","Complete"
"761","468","159","155","1478.82","7","1984-04-29 07:32:00","1984-05-26 07:32:00","Complete"
"762","953","102","156","786.8","2","1998-05-23 05:53:39","1998-06-23 05:53:39","Complete"
"763","105","153","58","1191.06","6","1975-01-09 06:55:14","1975-02-09 06:55:14","Complete"
"764","240","34","80","1770.2400000000002","6","1981-03-10 16:03:12","1981-04-10 16:03:12","Complete"
"765","353","17","102","429.12","1","1971-06-18 18:32:46","1971-07-18 18:32:46","Complete"
"766","567","21","76","1967.3999999999999","6","1970-02-22 00:39:57","1970-03-22 00:39:57","Complete"
"767","698","62","49","201.06","6","2008-11-19 13:56:55","2008-12-19 13:56:55","Complete"
"768","126","85","118","1170.0","3","1978-11-01 01:03:57","1978-12-01 01:03:57","Complete"
"769","84","125","80","2377.28","8","1981-02-26 10:55:32","1981-03-26 10:55:32","Complete"
"770","8","131","175","277.5","6","2011-09-01 20:18:18","2011-10-01 20:18:18","Complete"
"771","561","115","64","341.46000000000004","7","1988-03-08 00:21:40","1988-04-08 00:21:40","Complete"
"772","125","45","166","2431.8","5","1970-04-15 18:19:54","1970-05-15 18:19:54","Complete"
"773","373","123","120","156.8","10","1984-09-16 17:04:44","1984-10-16 17:04:44","Complete"
"774","149","159","66","378.86","2","1998-02-26 05:59:08","1998-03-26 05:59:08","Complete"
"775","657","179","44","412.55","1","2016-04-12 11:41:36","2016-05-12 11:41:36","Complete"
"776","674","87","186","351.12","2","1985-12-11 03:13:58","1986-01-11 03:13:58","Complete"
"777","51","150","161","723.48","2","1970-06-12 17:10:44","1970-07-12 17:10:44","Complete"
"778","300","47","178","11.28","6","1973-07-25 11:59:44","1973-08-25 11:59:44","Complete"
"779","819","15","32","2608.24","8","2009-09-26 03:54:24","2009-10-26 03:54:24","Complete"
"780","943","30","163","42.8","1","2006-03-20 04:25:30","2006-04-20 04:25:30","Complete"
"781","549","53","135","2080.2000000000003","5","2004-05-15 04:05:37","2004-06-15 04:05:37","Complete"
"782","353","32","43","4291.2","10","1987-03-16 15:27:02","1987-04-16 15:27:02","Complete"
"783","969","71","2","3959.68","8","1980-02-10 17:35:20","1980-03-10 17:35:20","Complete"
"784","219","77","84","3365.9500000000003","7","2018-06-26 02:32:00","2018-07-26 02:32:00","Complete"
"785","641","44","70","318.84","4","1980-12-11 17:15:28","1981-01-11 17:15:28","Complete"
"786","614","52","64","2588.13","9","1983-06-01 04:56:28","1983-07-01 04:56:28","Complete"
"787","373","52","131","0.0","0","1999-10-20 19:57:11","1999-11-20 19:57:11","Complete"
"788","843","153","115","0.0","0","1979-09-04 15:40:49","1979-10-04 15:40:49","Complete"
"789","676","140","105","1299.28","8","1993-10-29 10:39:02","1993-11-26 10:39:02","Complete"
"790","658","183","170","654.27","3","1972-08-20 21:10:42","1972-09-20 21:10:42","Complete"
"791","263","103","179","0.0","0","1997-06-04 18:02:24","1997-07-04 18:02:24","Complete"
"792","227","19","116","673.76","8","1980-03-18 12:27:58","1980-04-18 12:27:58","Complete"
"793","218","27","137","1873.48","4","1997-07-17 03:30:08","1997-08-17 03:30:08","Complete"
"794","878","140","87","2122.47","7","1990-05-15 10:17:54","1990-06-15 10:17:54","Complete"
"795","889","87","186","3024.14","7","1998-03-30 14:01:55","1998-04-27 14:01:55","Complete"
"796","57","47","7","0.0","0","1974-02-17 12:06:42","1974-03-17 12:06:42","Complete"
"797","88","23","38","258.24","2","1982-12-20 23:23:56","1983-01-20 23:23:56","Complete"
"798","579","185","88","2943.36","8","2002-07-01 18:02:27","2002-08-01 18:02:27","Complete"
"799","402","110","125","47.6","7","2021-06-28 16:22:32","2021-07-28 16:22:32","Complete"
"800","385","165","79","451.95000000000005","3","1991-02-26 23:37:51","1991-03-26 23:37:51","Complete"
"801","899","31","18","1541.94","6","1994-08-13 23:24:48","1994-09-13 23:24:48","Complete"
"802","90","95","191","0.0","0","1970-02-17 09:51:49","1970-03-17 09:51:49","Complete"
"803","28","18","108","1944.64","4","1980-12-14 08:01:31","1981-01-14 08:01:31","Complete"
"804","29","162","7","2801.68","8","1971-05-02 19:26:37","1971-06-02 19:26:37","Complete"
"805","888","65","117","3870.9","9","2017-11-06 09:47:47","2017-12-06 09:47:47","Complete"
"806","149","74","90","189.43","1","1991-08-10 05:24:27","1991-09-10 05:24:27","Complete"
"807","463","189","137","0.0","0","1995-05-23 15:42:19","1995-06-23 15:42:19","Complete"
"808","208","35","100","3386.11","7","2015-01-11 04:39:32","2015-02-11 04:39:32","Complete"
"809","388","53","185","505.14","2","2020-06-18 15:53:58","2020-07-18 15:53:58","Complete"
"810","970","9","57","1257.62","7","2004-06-24 13:25:16","2004-07-24 13:25:16","Complete"
"811","516","65","119","831.96","6","1996-07-11 09:17:28","1996-08-11 09:17:28","Complete"
"812","330","134","13","597.96","6","1994-12-12 16:30:41","1995-01-12 16:30:41","Complete"
"813","282","73","47","885.92","8","1978-03-10 09:29:45","1978-04-10 09:29:45","Complete"
"814","192","17","32","463.83000000000004","3","1976-06-23 01:53:22","1976-07-23 01:53:22","Complete"
"815","415","170","193","687.3000000000001","10","1982-02-13 05:06:46","1982-03-13 05:06:46","Complete"
"816","747","4","33","105.96","2","2009-06-23 02:40:33","2009-07-23 02:40:33","Complete"
"817","801","113","79","66.56","1","2002-03-25 20:11:17","2002-04-25 20:11:17","Complete"
"818","52","33","127","610.76","4","2002-03-14 16:58:47","2002-04-14 16:58:47","Complete"
"819","55","192","0","724.24","8","2013-11-21 04:22:41","2013-12-21 04:22:41","Complete"
"820","593","24","178","94.71","1","1984-04-02 18:19:59","1984-05-02 18:19:59","Complete"
"821","772","171","189","487.69","7","1978-03-21 14:01:44","1978-04-21 14:01:44","Complete"
"822","776","86","12","2152.45","5","2000-08-02 19:43:55","2000-09-02 19:43:55","Complete"
"823","122","83","152","1167.92","8","1973-03-17 11:20:22","1973-04-17 11:20:22","Complete"
"824","416","22","47","338.03","1","1992-10-21 16:53:16","1992-11-21 16:53:16","Complete"
"825","494","95","165","4231.53","9","1976-08-07 05:27:43","1976-09-07 05:27:43","Complete"
"826","166","74","56","1856.08","4","1986-07-18 10:02:02","1986-08-18 10:02:02","Complete"
"827","925","122","31","826.3","2","2006-10-29 17:53:21","2006-11-26 17:53:21","Complete"
"828","751","114","51","418.40999999999997","3","2002-12-30 03:30:59","2003-01-27 03:30:59","Complete"
"829","812","187","193","166.4","10","1994-02-03 00:12:00","1994-03-03 00:12:00","Complete"
"830","432","34","163","933.66","2","1982-04-17 16:20:22","1982-05-17 16:20:22","Complete"
"831","261","130","160","3877.2","8","2010-01-28 10:32:58","2010-02-28 10:32:58","Complete"
"832","265","199","47","1273.02","3","1994-04-03 20:53:34","1994-05-03 20:53:34","Complete"
"833","13","195","23","0.0","0","2015-05-22 09:42:35","2015-06-22 09:42:35","Complete"
"834","42","100","146","1220.3","5","1979-08-18 20:17:34","1979-09-18 20:17:34","Complete"
"835","995","158","86","3973.68","8","2020-12-07 07:16:21","2021-01-07 07:16:21","Complete"
"836","196","38","199","1110.03","3","2011-06-25 09:00:03","2011-07-25 09:00:03","Complete"
"837","891","49","199","1429.68","8","1979-04-24 23:37:34","1979-05-24 23:37:34","Complete"
"838","116","63","11","899.85","5","1981-03-15 17:29:33","1981-04-15 17:29:33","Complete"
"839","161","81","8","1089.6","8","1979-05-19 15:26:09","1979-06-19 15:26:09","Complete"
"840","171","100","188","1534.54","7","1996-05-12 13:18:47","1996-06-12 13:18:47","Complete"
"841","371","110","8","521.0","2","1999-07-30 10:56:23","1999-08-27 10:56:23","Complete"
"842","839","25","190","1962.7999999999997","7","1973-11-20 08:42:05","1973-12-20 08:42:05","Complete"
"843","221","111","2","2954.25","9","2010-05-21 12:06:58","2010-06-21 12:06:58","Complete"
"844","303","137","112","2833.12","8","1972-11-21 10:16:30","1972-12-21 10:16:30","Complete"
"845","730","109","114","2469.2400000000002","9","1972-11-16 20:17:07","1972-12-16 20:17:07","Complete"
"846","812","114","107","16.64","1","2010-10-15 11:20:59","2010-11-15 11:20:59","Complete"
"847","391","8","117","2750.7","6","2005-05-22 10:43:51","2005-06-22 10:43:51","Complete"
"848","977","153","78","295.79","1","1990-05-23 04:30:24","1990-06-23 04:30:24","Complete"
"849","627","2","144","178.46","2","1994-01-05 03:22:33","1994-02-05 03:22:33","Complete"
"850","512","125","7","3155.12","8","1982-10-29 16:30:59","1982-11-26 16:30:59","Complete"
"851","275","51","47","587.1500000000001","5","2005-10-27 08:42:31","2005-11-27 08:42:31","Complete"
"852","458","167","72","1878.42","6","2017-08-18 18:32:10","2017-09-18 18:32:10","Complete"
"853","287","110","162","145.39999999999998","5","1975-06-27 21:13:04","1975-07-27 21:13:04","Complete"
"854","63","199","149","319.36","4","1987-03-24 10:20:36","1987-04-24 10:20:36","Complete"
"855","719","23","0","564.0","6","2019-05-01 23:19:00","2019-06-01 23:19:00","Complete"
"856","8","158","84","0.0","0","2011-07-17 13:07:05","2011-08-17 13:07:05","Complete"
"857","103","162","86","684.09","3","1996-11-26 01:05:59","1996-12-26 01:05:59","Complete"
"858","316","168","196","916.16","7","1999-11-21 03:52:14","1999-12-21 03:52:14","Complete"
"859","99","138","152","3116.75","7","2007-05-06 22:00:43","2007-06-06 22:00:43","Complete"
"860","925","187","121","1652.6","4","1995-01-07 05:24:59","1995-02-07 05:24:59","Complete"
"861","53","25","136","3905.37","9","1991-07-28 06:38:06","1991-08-28 06:38:06","Complete"
"862","168","157","11","952.3799999999999","9","1987-07-26 07:28:34","1987-08-26 07:28:34","Complete"
"863","285","169","78","930.22","2","2006-05-19 05:02:34","2006-06-19 05:02:34","Complete"
"864","397","197","9","3363.57","9","1991-10-15 14:46:51","1991-11-15 14:46:51","Complete"
"865","21","11","18","2009.3000000000002","5","2011-12-30 12:12:40","2012-01-27 12:12:40","Complete"
"866","139","86","13","542.5","10","1989-07-02 12:57:31","1989-08-02 12:57:31","Complete"
"867","754","182","119","4505.400000000001","10","1984-08-06 04:56:36","1984-09-06 04:56:36","Complete"
"868","776","128","106","1291.47","3","1991-10-09 04:23:46","1991-11-09 04:23:46","Complete"
"869","183","169","81","102.92","2","2003-01-22 06:36:38","2003-02-22 06:36:38","Complete"
"870","507","0","5","460.4","8","2011-04-05 20:00:28","2011-05-05 20:00:28","Complete"
"871","295","32","65","426.70000000000005","10","2001-03-01 06:42:42","2001-04-01 06:42:42","Complete"
"872","374","152","80","2120.2799999999997","6","2005-07-01 19:07:22","2005-08-01 19:07:22","Complete"
"873","634","64","65","3273.44","8","2014-02-19 05:12:13","2014-03-19 05:12:13","Complete"
"874","900","85","115","0.0","0","1994-04-23 15:35:03","1994-05-23 15:35:03","Complete"
"875","28","98","121","4861.6","10","2009-12-30 12:39:58","2010-01-27 12:39:58","Complete"
"876","244","131","15","4452.75","9","2019-06-16 07:55:00","2019-07-16 07:55:00","Complete"
"877","346","58","18","474.26","1","1993-11-18 20:04:41","1993-12-18 20:04:41","Complete"
"878","604","74","0","1597.1000000000001","10","2014-04-15 14:26:29","2014-05-15 14:26:29","Complete"
"879","106","31","176","2232.54","6","1971-07-11 14:44:36","1971-08-11 14:44:36","Complete"
"880","58","134","4","4219.83","9","2009-06-30 04:04:40","2009-07-27 04:04:40","Complete"
"881","385","168","51","150.65","1","2012-07-12 14:12:30","2012-08-12 14:12:30","Complete"
"882","276","192","60","4431.3","10","2007-06-12 04:11:14","2007-07-12 04:11:14","Complete"
"883","723","79","55","904.92","2","1983-04-03 09:43:51","1983-05-03 09:43:51","Complete"
"884","591","103","139","51.72","3","2017-04-15 15:23:46","2017-05-15 15:23:46","Complete"
"885","924","127","17","0.0","0","2002-04-20 14:28:35","2002-05-20 14:28:35","Complete"
"886","309","181","3","1395.06","3","1985-07-31 02:08:31","1985-08-28 02:08:31","Complete"
"887","767","182","74","3035.5","10","2004-05-12 08:28:29","2004-06-12 08:28:29","Complete"
"888","15","161","121","0.0","0","1997-02-07 02:39:02","1997-03-07 02:39:02","Complete"
"889","670","192","152","424.34","1","1995-09-04 01:52:21","1995-10-04 01:52:21","Complete"
"890","7","78","65","0.0","0","1994-11-14 07:22:43","1994-12-14 07:22:43","Complete"
"891","686","157","154","379.76","4","1976-01-29 13:54:37","1976-02-26 13:54:37","Complete"
"892","577","59","129","884.58","3","1997-05-10 22:11:47","1997-06-10 22:11:47","Complete"
"893","721","135","6","0.0","0","2006-09-19 08:19:37","2006-10-19 08:19:37","Complete"
"894","229","172","164","1896.12","6","1987-05-09 05:44:09","1987-06-09 05:44:09","Complete"
"895","594","154","15","549.12","6","2016-01-24 12:46:34","2016-02-24 12:46:34","Complete"
"896","371","88","165","1302.5","5","1974-11-21 04:46:34","1974-12-21 04:46:34","Complete"
"897","947","6","159","233.6","4","1987-10-27 02:35:37","1987-11-27 02:35:37","Complete"
"898","605","51","196","3111.6000000000004","10","2012-07-10 20:48:12","2012-08-10 20:48:12","Complete"
"899","3","173","193","98.89","1","1983-11-21 10:49:54","1983-12-21 10:49:54","Complete"
"900","893","19","105","361.14","3","1975-01-13 19:22:14","1975-02-13 19:22:14","Complete"
"901","758","114","197","1146.08","8","1982-08-27 16:01:23","1982-09-27 16:01:23","Complete"
"902","376","79","16","1358.91","9","1991-04-23 03:26:48","1991-05-23 03:26:48","Complete"
"903","808","68","34","113.56","4","1992-10-03 23:48:41","1992-11-03 23:48:41","Complete"
"904","235","181","129","1753.3000000000002","5","1993-06-10 12:13:08","1993-07-10 12:13:08","Complete"
"905","354","19","68","2897.28","8","1972-09-23 09:24:57","1972-10-23 09:24:57","Complete"
"906","788","138","99","1408.5","6","1992-08-06 20:31:50","1992-09-06 20:31:50","Complete"
"907","514","123","80","3684.48","8","1986-10-11 05:20:57","1986-11-11 05:20:57","Complete"
"908","427","119","193","213.84","4","1994-08-12 11:44:31","1994-09-12 11:44:31","Complete"
"909","633","130","172","0.0","0","2000-06-20 03:05:43","2000-07-20 03:05:43","Complete"
"910","848","148","112","134.55","3","2018-08-19 04:37:27","2018-09-19 04:37:27","Complete"
"911","809","108","146","278.81","1","1998-10-03 02:23:29","1998-11-03 02:23:29","Complete"
"912","944","32","6","746.73","3","1972-02-02 00:09:33","1972-03-02 00:09:33","Complete"
"913","587","142","155","2236.2","5","1978-11-09 06:16:39","1978-12-09 06:16:39","Complete"
"914","926","112","162","2764.96","8","1994-12-21 08:14:24","1995-01-21 08:14:24","Complete"
"915","892","53","40","239.15","1","2010-01-10 19:44:34","2010-02-10 19:44:34","Complete"
"916","179","39","83","244.22","2","2000-03-05 21:47:52","2000-04-05 21:47:52","Complete"
"917","294","34","77","618.66","3","1991-09-29 17:14:55","1991-10-26 17:14:55","Complete"
"918","393","27","174","1393.65","3","2014-05-03 11:20:16","2014-06-03 11:20:16","Complete"
"919","678","95","89","1285.24","4","1977-10-22 13:47:50","1977-11-22 13:47:50","Complete"
"920","443","160","47","1037.31","3","1983-01-18 06:56:41","1983-02-18 06:56:41","Complete"
"921","716","17","166","3305.43","9","1990-11-17 02:58:11","1990-12-17 02:58:11","Complete"
"922","409","16","106","1840.24","4","2002-09-20 05:20:49","2002-10-20 05:20:49","Complete"
"923","952","54","99","1479.42","9","2020-03-02 03:31:14","2020-04-02 03:31:14","Complete"
"924","669","46","199","248.27","1","1988-01-12 13:10:56","1988-02-12 13:10:56","Complete"
"925","162","19","4","416.96","1","2014-10-31 00:10:11","2014-11-28 00:10:11","Complete"
"926","531","130","112","2468.52","6","1982-11-24 10:41:19","1982-12-24 10:41:19","Complete"
"927","725","33","44","2091.0","6","2015-01-05 23:43:46","2015-02-05 23:43:46","Complete"
"928","623","62","102","685.12","2","2003-09-28 23:52:20","2003-10-28 23:52:20","Complete"
"929","380","152","155","1969.08","6","2004-04-14 17:55:27","2004-05-14 17:55:27","Complete"
"930","345","61","148","1729.8500000000001","5","2000-10-08 18:10:48","2000-11-08 18:10:48","Complete"
"931","240","6","18","295.04","1","1975-12-28 23:27:33","1976-01-28 23:27:33","Complete"
"932","159","169","127","365.49","9","2011-09-08 04:17:06","2011-10-08 04:17:06","Complete"
"933","323","68","138","0.0","0","1992-04-26 12:53:32","1992-05-26 12:53:32","Complete"
"934","977","134","195","2366.32","8","1992-12-17 18:27:37","1993-01-17 18:27:37","Complete"
"935","847","115","194","455.23","1","1993-06-03 18:07:12","1993-07-03 18:07:12","Complete"
"936","477","68","70","2734.5499999999997","7","1992-06-01 00:39:12","1992-07-01 00:39:12","Complete"
"937","734","125","49","1860.0400000000002","7","1975-12-28 03:30:47","1976-01-28 03:30:47","Complete"
"938","874","51","58","1873.1","5","1994-03-25 08:45:32","1994-04-25 08:45:32","Complete"
"939","908","26","76","732.6","4","1982-09-17 17:42:39","1982-10-17 17:42:39","Complete"
"940","601","86","71","948.12","2","2018-08-13 15:55:17","2018-09-13 15:55:17","Complete"
"941","188","155","128","715.38","2","2008-11-02 10:55:21","2008-12-02 10:55:21","Complete"
"942","411","179","61","1725.76","8","2005-03-31 12:06:36","2005-04-28 12:06:36","Complete"
"943","623","74","136","1712.8","5","1998-07-24 04:30:24","1998-08-24 04:30:24","Complete"
"944","130","97","63","93.61","1","2014-11-01 06:04:35","2014-12-01 06:04:35","Complete"
"945","519","123","131","36.01","1","2006-11-04 08:43:10","2006-12-04 08:43:10","Complete"
"946","58","141","101","0.0","0","1993-01-18 01:52:18","1993-02-18 01:52:18","Complete"
"947","340","81","40","572.81","7","1982-09-22 06:06:10","1982-10-22 06:06:10","Complete"
"948","197","129","195","1243.6499999999999","5","1976-05-29 14:43:21","1976-06-26 14:43:21","Complete"
"949","310","74","23","4161.5","10","1988-01-20 19:58:06","1988-02-20 19:58:06","Complete"
"950","755","109","146","1032.03","9","2007-11-29 03:10:49","2007-12-26 03:10:49","Complete"
"951","383","58","131","2413.3","5","1984-03-12 20:14:28","1984-04-12 20:14:28","Complete"
"952","219","122","77","1442.5500000000002","3","2019-01-30 19:28:11","2019-02-27 19:28:11","Complete"
"953","962","65","131","1280.0","10","1998-11-18 09:01:59","1998-12-18 09:01:59","Complete"
"954","192","5","34","0.0","0","2010-09-08 22:41:33","2010-10-08 22:41:33","Complete"
"955","246","32","122","2448.6000000000004","10","1980-04-08 10:49:19","1980-05-08 10:49:19","Complete"
"956","363","86","26","87.43","1","2002-07-07 18:03:58","2002-08-07 18:03:58","Complete"
"957","388","45","196","757.71","3","2020-05-03 22:14:55","2020-06-03 22:14:55","Complete"
"958","706","158","84","0.0","0","2017-09-10 04:06:55","2017-10-10 04:06:55","Complete"
"959","47","146","117","2312.5","10","1976-12-03 15:39:49","1977-01-03 15:39:49","Complete"
"960","217","176","168","452.89","1","1992-07-13 23:20:49","1992-08-13 23:20:49","Complete"
"961","989","182","79","1797.74","7","2019-04-30 19:58:39","2019-05-27 19:58:39","Complete"
"962","40","100","127","1511.58","7","1999-04-23 06:02:25","1999-05-23 06:02:25","Complete"
"963","653","162","155","0.0","0","1985-05-23 23:04:17","1985-06-23 23:04:17","Complete"
"964","415","168","33","481.11","7","2021-08-04 21:21:16","2021-09-04 21:21:16","Complete"
"965","23","126","188","14.48","2","1973-03-17 21:44:54","1973-04-17 21:44:54","Complete"
"966","843","164","130","1078.24","8","1972-09-03 09:05:31","1972-10-03 09:05:31","Complete"
"967","711","155","149","2408.0","8","2004-06-07 23:19:18","2004-07-07 23:19:18","Complete"
"968","969","30","186","2969.7599999999998","6","1995-11-24 08:48:33","1995-12-24 08:48:33","Complete"
"969","848","30","102","448.5","10","1999-12-06 17:06:35","2000-01-06 17:06:35","Complete"
"970","828","21","148","1505.9","10","2004-04-15 19:59:25","2004-05-15 19:59:25","Complete"
"971","763","61","117","0.0","0","2004-01-30 00:35:43","2004-02-27 00:35:43","Complete"
"972","408","140","14","0.0","0","1994-03-06 12:59:31","1994-04-06 12:59:31","Complete"
"973","368","166","4","3980.72","8","1981-01-29 00:30:48","1981-02-26 00:30:48","Complete"
"974","249","194","145","431.76","3","1976-04-04 14:53:27","1976-05-04 14:53:27","Complete"
"975","71","88","67","1470.6999999999998","5","1997-05-21 23:29:34","1997-06-21 23:29:34","Complete"
"976","249","49","29","431.76","3","2008-04-18 13:53:02","2008-05-18 13:53:02","Complete"
"977","428","168","53","6.97","1","1985-08-27 15:07:29","1985-09-27 15:07:29","Complete"
"978","255","143","81","362.29999999999995","10","1998-12-27 15:02:17","1999-01-27 15:02:17","Complete"
"979","977","100","55","1478.95","5","2017-01-13 06:53:12","2017-02-13 06:53:12","Complete"
"980","634","103","172","2045.9","5","1979-12-07 15:02:03","1980-01-07 15:02:03","Complete"
"981","216","14","142","0.0","0","1982-09-29 05:33:01","1982-10-26 05:33:01","Complete"
"982","720","32","43","1578.99","7","1978-01-30 04:13:42","1978-02-27 04:13:42","Complete"
"983","290","116","20","929.2","2","1992-01-04 13:31:04","1992-02-04 13:31:04","Complete"
"984","81","85","98","3504.64","8","2012-09-24 11:56:42","2012-10-24 11:56:42","Complete"
"985","17","90","78","880.6","10","2021-11-03 00:01:25","2021-12-03 00:01:25","Incomplete"
"986","587","191","114","1788.96","4","1974-08-08 16:31:31","1974-09-08 16:31:31","Complete"
"987","213","177","18","487.31","1","2014-02-07 16:44:12","2014-03-07 16:44:12","Complete"
"988","330","36","80","199.32","2","2001-08-12 18:08:30","2001-09-12 18:08:30","Complete"
"989","805","75","128","362.2","5","2010-10-31 13:33:29","2010-11-28 13:33:29","Complete"
"990","355","57","108","520.96","2","2013-05-09 16:41:41","2013-06-09 16:41:41","Complete"
"991","899","143","191","1798.93","7","2008-12-01 10:12:37","2009-01-01 10:12:37","Complete"
"992","534","180","109","212.16","8","2006-07-05 17:00:00","2006-08-05 17:00:00","Complete"
"993","889","3","183","432.02","1","1994-10-09 09:28:10","1994-11-09 09:28:10","Complete"
"994","653","25","61","996.84","9","2006-05-10 07:15:50","2006-06-10 07:15:50","Complete"
"995","21","15","40","2813.02","7","1973-10-27 20:31:56","1973-11-27 20:31:56","Complete"
"996","779","138","194","917.3399999999999","6","2001-09-09 10:18:10","2001-10-09 10:18:10","Complete"
"997","417","131","129","255.08","4","2006-12-16 00:15:49","2007-01-16 00:15:49","Complete"
"998","818","40","10","1626.1000000000001","10","2005-01-05 03:30:31","2005-02-05 03:30:31","Complete"
"999","117","76","186","647.91","3","1987-12-03 05:38:51","1988-01-03 05:38:51","Complete"
